"ObsTime","StnPres","SeaPres","Temperature","Td dew point","RH","WS","WD","WSGust","WDGust","Precp","PrecpHour","SunShine","GloblRad","Visb","UVI","Cloud Amount"
"2016/01/01 00","1024.6","1028.3","16.7","11.8","73","4.0","80","11.7","60","0.0","0.0","...","0.00","...","0","..."
"2016/01/01 01","1024.1","1027.8","16.6","12.3","76","3.7","80","11.0","70","0.0","0.0","...","0.00","8.0","0","10.0"
"2016/01/01 02","1023.7","1027.4","17.0","12.1","73","3.3","70","8.7","70","0.0","0.0","...","0.00","...","0","..."
"2016/01/01 03","1023.6","1027.3","16.7","12.5","76","3.5","80","10.7","40","0.0","0.0","...","0.00","...","0","..."
"2016/01/01 04","1023.4","1027.1","16.7","12.6","77","2.9","70","12.1","60","0.0","0.0","...","0.00","10.0","0","9.0"
"2016/01/01 05","1023.5","1027.2","16.8","12.8","77","3.4","70","10.4","70","0.0","0.0","0.0","0.00","...","0","..."
"2016/01/01 06","1023.8","1027.5","17.2","13.1","77","3.2","90","9.9","80","0.0","0.0","0.0","0.00","...","0","..."
"2016/01/01 07","1024.1","1027.8","17.9","13.5","75","3.3","80","7.7","60","0.0","0.0","0.0","0.03","10.0","0","9.0"
"2016/01/01 08","1024.4","1028.0","18.9","14.5","76","4.6","50","9.4","60","0.0","0.0","0.2","0.69","12.0","1","8.0"
"2016/01/01 09","1024.0","1027.6","19.4","15.4","78","6.5","60","11.6","60","0.0","0.0","0.6","1.47","...","2","6.0"
"2016/01/01 10","1023.3","1026.9","19.5","15.4","77","4.3","50","11.7","40","0.0","0.0","0.3","1.45","10.0","3","8.0"
"2016/01/01 11","1022.2","1025.8","19.9","16.1","79","6.0","50","12.7","60","0.0","0.0","0.2","1.69","...","3","8.0"
"2016/01/01 12","1020.8","1024.4","20.8","16.3","75","5.9","50","11.9","50","0.0","0.0","0.8","2.29","...","4","4.0"
"2016/01/01 13","1020.1","1023.7","21.8","17.2","75","6.0","60","12.9","50","0.0","0.0","1.0","2.20","10.0","3","3.0"
"2016/01/01 14","1019.7","1023.3","21.5","17.1","76","5.7","60","11.1","70","0.0","0.0","0.5","1.43","...","2","4.0"
"2016/01/01 15","1019.6","1023.2","21.3","17.5","79","5.4","60","11.4","60","0.0","0.0","1.0","0.97","...","1","3.0"
"2016/01/01 16","1019.7","1023.3","20.7","17.0","79","4.6","50","10.2","50","0.0","0.0","0.5","0.28","10.0","0","4.0"
"2016/01/01 17","1020.3","1023.9","20.5","17.1","81","4.0","50","9.1","50","0.0","0.0","0.0","0.00","...","0","..."
"2016/01/01 18","1020.8","1024.4","20.2","17.1","82","3.7","50","8.7","50","0.0","0.0","0.0","0.00","...","0","..."
"2016/01/01 19","1021.0","1024.6","20.2","17.2","83","3.7","50","6.9","50","0.0","0.0","...","0.00","10.0","0","1.0"
"2016/01/01 20","1020.9","1024.5","20.1","17.2","83","2.5","70","6.5","60","0.0","0.0","...","0.00","10.0","0","1.0"
"2016/01/01 21","1020.8","1024.4","19.6","17.1","85","1.2","100","4.6","50","0.0","0.0","...","0.00","...","0","..."
"2016/01/01 22","1020.5","1024.1","18.8","16.6","87","1.1","170","2.5","140","0.0","0.0","...","0.00","...","0","..."
"2016/01/01 23","1020.4","1024.0","18.0","15.4","85","1.2","210","2.8","170","0.0","0.0","...","0.00","...","0","..."
"2016/01/02 00","1020.3","1023.9","17.9","15.8","88","0.5","210","3.0","250","0.0","0.0","...","0.00","...","0","..."
"2016/01/02 01","1019.9","1023.5","18.4","16.1","86","0.9","240","4.1","220","0.0","0.0","...","0.00","...","0","..."
"2016/01/02 02","1019.5","1023.1","18.5","15.8","84","0.8","190","3.1","210","0.0","0.0","...","0.00","...","0","..."
"2016/01/02 03","1019.2","1022.8","18.1","15.4","84","1.1","150","2.0","160","0.0","0.0","...","0.00","...","0","..."
"2016/01/02 04","1019.0","1022.6","17.6","14.6","83","1.4","140","2.6","140","0.0","0.0","...","0.00","...","0","..."
"2016/01/02 05","1019.3","1022.9","17.3","14.4","83","0.1","0","2.8","160","0.0","0.0","0.0","0.00","...","0","..."
"2016/01/02 06","1019.9","1023.5","17.4","14.7","84","0.3","100","1.7","130","0.0","0.0","0.0","0.00","...","0","..."
"2016/01/02 07","1020.2","1023.8","17.7","14.9","84","1.1","120","2.2","100","0.0","0.0","0.0","0.04","10.0","0","10.0"
"2016/01/02 08","1020.4","1024.0","18.6","15.5","82","0.9","190","2.4","150","0.0","0.0","0.0","0.55","5.0","1","10.0"
"2016/01/02 09","1020.1","1023.7","19.4","16.3","82","0.0","0","1.5","160","0.0","0.0","0.0","0.60","...","1","10.0"
"2016/01/02 10","1019.4","1023.0","19.8","17.1","84","1.0","300","3.6","320","0.0","0.0","0.0","0.57","4.0","1","10.0"
"2016/01/02 11","1018.8","1022.4","19.9","17.2","84","0.4","300","4.0","330","0.0","0.0","0.0","0.60","...","1","10.0"
"2016/01/02 12","1018.2","1021.8","19.6","16.8","84","1.3","290","4.1","320","0.0","0.0","0.0","0.60","...","1","10.0"
"2016/01/02 13","1017.2","1020.8","19.9","16.9","83","0.3","330","3.6","270","0.0","0.0","0.0","0.49","4.0","1","10.0"
"2016/01/02 14","1017.0","1020.6","19.9","16.9","83","0.3","350","2.5","330","0.0","0.0","0.0","0.60","...","1","10.0"
"2016/01/02 15","1017.0","1020.6","20.3","17.1","82","0.2","0","1.4","160","0.0","0.0","0.0","0.36","...","0","10.0"
"2016/01/02 16","1017.1","1020.7","20.0","17.0","83","0.5","340","1.8","360","0.0","0.0","0.0","0.00","3.0","0","10.0"
"2016/01/02 17","1017.0","1020.6","19.9","17.0","83","1.0","120","3.1","320","0.0","0.0","0.0","0.00","...","0","..."
"2016/01/02 18","1017.7","1021.3","19.7","17.2","85","0.7","80","3.0","100","0.0","0.0","0.0","0.00","...","0","..."
"2016/01/02 19","1018.1","1021.7","19.4","17.1","87","0.9","60","3.0","50","0.0","0.0","...","0.00","3.0","0","10.0"
"2016/01/02 20","1018.7","1022.3","18.8","16.6","87","0.9","50","3.6","60","T","0.3","...","0.00","3.0","0","10.0"
"2016/01/02 21","1018.1","1021.7","18.7","16.8","89","0.0","0","2.8","70","T","0.8","...","0.00","...","0","..."
"2016/01/02 22","1017.6","1021.2","18.6","16.9","90","0.6","140","1.5","150","0.0","0.0","...","0.00","...","0","..."
"2016/01/02 23","1017.8","1021.4","18.7","17.1","90","0.2","0","2.0","140","0.0","0.0","...","0.00","...","0","..."
"2016/01/03 00","1017.0","1020.6","18.7","17.0","90","0.6","330","2.5","310","0.0","0.0","...","0.00","...","0","..."
"2016/01/03 01","1017.3","1020.9","18.7","17.1","90","1.1","260","2.1","260","0.0","0.0","...","0.00","...","0","..."
"2016/01/03 02","1016.9","1020.5","18.7","16.9","89","0.5","220","3.1","260","0.0","0.0","...","0.00","...","0","..."
"2016/01/03 03","1016.0","1019.6","18.4","17.1","92","0.8","130","1.9","140","0.0","0.0","...","0.00","...","0","..."
"2016/01/03 04","1016.6","1020.2","18.5","17.3","93","0.0","0","1.7","340","0.0","0.0","...","0.00","...","0","..."
"2016/01/03 05","1017.2","1020.8","18.6","17.3","92","0.5","220","3.0","160","0.0","0.0","0.0","0.00","...","0","..."
"2016/01/03 06","1017.4","1021.0","18.5","17.3","93","0.7","110","1.4","110","T","0.0","0.0","0.00","...","0","..."
"2016/01/03 07","1018.3","1021.9","18.7","17.4","92","0.5","330","5.7","270","4.0","0.3","0.0","0.00","3.0","0","10.0"
"2016/01/03 08","1018.6","1022.2","18.8","17.7","93","0.8","120","1.7","250","T","1.0","0.0","0.10","2.5","0","10.0"
"2016/01/03 09","1018.1","1021.7","19.6","18.9","96","0.9","130","3.1","70","0.5","1.0","0.0","0.63","...","1","10.0"
"2016/01/03 10","1017.6","1021.2","19.6","18.1","91","0.9","50","2.6","60","T","1.0","0.0","0.53","2.0","1","10.0"
"2016/01/03 11","1016.8","1020.4","19.6","18.4","93","0.7","70","3.4","60","2.0","0.2","0.0","0.52","...","1","10.0"
"2016/01/03 12","1016.2","1019.8","19.4","18.2","93","0.7","10","3.8","50","1.5","0.2","0.0","0.39","...","1","10.0"
"2016/01/03 13","1015.2","1018.8","19.5","18.4","93","0.4","60","2.3","340","2.0","0.2","0.0","0.17","3.0","1","10.0"
"2016/01/03 14","1015.0","1018.6","19.6","18.3","92","0.9","70","3.1","50","T","1.0","0.0","0.55","...","1","10.0"
"2016/01/03 15","1015.0","1018.6","19.9","18.5","92","1.1","10","4.7","40","T","1.0","0.0","0.33","...","0","10.0"
"2016/01/03 16","1015.9","1019.5","19.9","17.9","88","2.9","60","4.8","60","T","1.0","0.0","0.01","12.0","0","10.0"
"2016/01/03 17","1016.2","1019.8","19.6","17.6","88","3.5","60","6.5","50","T","1.0","0.0","0.00","...","0","..."
"2016/01/03 18","1016.9","1020.5","19.4","17.2","87","2.5","50","5.5","50","0.5","1.0","0.0","0.00","...","0","..."
"2016/01/03 19","1017.1","1020.7","19.4","17.6","89","1.7","80","4.3","80","T","1.0","...","0.00","12.0","0","10.0"
"2016/01/03 20","1017.4","1021.0","19.1","17.7","92","1.6","80","5.3","50","3.0","0.4","...","0.00","10.0","0","10.0"
"2016/01/03 21","1016.9","1020.5","19.0","17.5","91","2.5","70","4.4","70","1.0","0.1","...","0.00","...","0","..."
"2016/01/03 22","1016.2","1019.8","19.0","17.8","93","1.1","40","4.1","10","0.5","0.0","...","0.00","...","0","..."
"2016/01/03 23","1016.0","1019.6","19.0","17.9","93","0.1","0","2.5","110","0.0","0.0","...","0.00","...","0","..."
"2016/01/04 00","1015.1","1018.7","18.8","17.9","95","0.6","70","1.8","70","0.2","0.2","...","0.00","...","0","..."
"2016/01/04 01","1014.9","1018.5","18.8","18.0","95","0.0","0","2.5","50","0.0","0.0","...","0.00","...","0","..."
"2016/01/04 02","1014.8","1018.4","18.8","18.1","96","0.1","0","1.3","220","0.0","0.0","...","0.00","...","0","..."
"2016/01/04 03","1014.4","1018.0","18.7","18.0","96","0.1","0","1.8","190","0.0","0.0","...","0.00","...","0","..."
"2016/01/04 04","1015.0","1018.6","18.8","18.1","96","0.8","180","1.8","260","0.0","0.0","...","0.00","...","0","..."
"2016/01/04 05","1015.1","1018.7","18.9","18.0","95","0.0","0","2.2","210","0.0","0.0","0.0","0.00","...","0","..."
"2016/01/04 06","1015.5","1019.1","19.0","18.1","95","0.0","0","2.0","100","0.5","0.4","0.0","0.00","...","0","..."
"2016/01/04 07","1016.0","1019.6","19.3","18.3","94","0.3","190","1.8","270","0.0","0.0","0.1","0.09","6.0","0","5.0"
"2016/01/04 08","1016.7","1020.3","20.6","19.6","94","0.0","0","1.6","260","0.0","0.0","0.1","0.66","6.0","1","7.0"
"2016/01/04 09","1016.7","1020.3","21.8","20.7","93","0.7","170","3.0","160","0.0","0.0","0.0","0.95","...","2","9.0"
"2016/01/04 10","1016.0","1019.6","22.2","20.5","90","0.4","V","2.3","280","0.0","0.0","0.0","0.81","7.0","2","10.0"
"2016/01/04 11","1015.0","1018.6","23.0","20.3","85","0.2","0","2.5","270","0.0","0.0","0.0","0.86","...","2","10.0"
"2016/01/04 12","1014.4","1018.0","22.8","20.4","86","0.2","0","3.8","320","0.0","0.0","0.0","0.60","...","1","10.0"
"2016/01/04 13","1014.1","1017.7","21.8","19.6","87","0.3","310","3.3","320","0.0","0.0","0.0","0.00","6.0","0","10.0"
"2016/01/04 14","1014.0","1017.6","22.0","19.7","87","0.6","260","2.1","350","0.0","0.0","0.0","0.00","...","0","10.0"
"2016/01/04 15","1014.1","1017.7","21.1","19.3","89","0.4","360","2.4","280","0.0","0.0","0.0","0.00","...","0","10.0"
"2016/01/04 16","1014.1","1017.7","21.1","19.7","92","0.4","180","2.2","120","0.0","0.0","0.0","0.00","5.0","0","10.0"
"2016/01/04 17","1014.2","1017.8","21.2","19.7","91","0.9","80","2.2","120","0.0","0.0","0.0","0.00","...","0","..."
"2016/01/04 18","1014.5","1018.1","21.2","19.8","92","0.0","0","2.0","140","0.0","0.0","0.0","0.00","...","0","..."
"2016/01/04 19","1015.0","1018.6","21.2","19.8","92","0.9","140","1.7","130","0.0","0.0","...","0.00","8.0","0","10.0"
"2016/01/04 20","1014.8","1018.4","21.1","19.6","91","0.6","130","2.0","100","0.0","0.0","...","0.00","8.0","0","8.0"
"2016/01/04 21","1014.9","1018.5","20.7","19.2","91","0.9","90","1.4","90","0.0","0.0","...","0.00","...","0","..."
"2016/01/04 22","1015.0","1018.6","20.7","19.3","92","0.9","180","1.7","170","0.0","0.0","...","0.00","...","0","..."
"2016/01/04 23","1014.4","1018.0","20.1","19.0","93","0.3","190","1.4","170","0.0","0.0","...","0.00","...","0","..."
"2016/01/05 00","1014.2","1017.8","19.9","18.9","94","0.5","170","1.7","200","0.0","0.0","...","0.00","...","0","..."
"2016/01/05 01","1013.9","1017.5","19.6","18.4","93","0.4","210","1.5","260","0.0","0.0","...","0.00","...","0","..."
"2016/01/05 02","1013.8","1017.4","19.0","18.0","94","0.6","80","1.8","180","0.0","0.0","...","0.00","...","0","..."
"2016/01/05 03","1013.7","1017.3","19.2","18.3","95","0.2","0","1.3","170","0.0","0.0","...","0.00","...","0","..."
"2016/01/05 04","1013.3","1016.9","19.4","18.6","95","0.8","80","2.0","110","0.0","0.0","...","0.00","...","0","..."
"2016/01/05 05","1013.2","1016.8","19.7","18.8","95","0.9","60","2.6","50","0.0","0.0","0.0","0.00","...","0","..."
"2016/01/05 06","1013.7","1017.3","19.5","18.6","95","1.6","50","2.7","50","T","0.1","0.0","0.00","...","0","..."
"2016/01/05 07","1014.0","1017.6","19.8","18.7","93","1.2","90","2.7","60","0.2","1.0","0.0","0.00","4.0","0","10.0"
"2016/01/05 08","1013.9","1017.5","20.6","19.3","92","1.9","70","3.5","50","0.3","1.0","0.0","0.17","8.0","0","9.0"
"2016/01/05 09","1013.9","1017.5","23.0","21.7","92","0.1","0","2.9","340","T","0.6","0.2","1.03","...","2","9.0"
"2016/01/05 10","1013.7","1017.2","23.9","22.0","89","0.3","290","3.3","270","0.0","0.0","0.3","1.60","7.0","3","9.0"
"2016/01/05 11","1013.4","1016.9","23.7","21.4","87","0.2","0","3.4","270","0.0","0.0","0.0","0.85","...","2","9.0"
"2016/01/05 12","1012.4","1015.9","23.4","21.0","86","0.5","320","3.5","330","0.0","0.0","0.1","1.44","...","3","10.0"
"2016/01/05 13","1012.1","1015.7","21.5","19.4","88","1.6","300","7.0","310","T","0.2","0.0","0.36","4.0","1","10.0"
"2016/01/05 14","1012.1","1015.7","21.1","18.9","87","2.5","310","6.5","310","T","1.0","0.0","0.20","...","0","10.0"
"2016/01/05 15","1012.7","1016.3","21.1","18.7","86","1.2","250","4.6","270","T","0.8","0.0","0.00","...","0","10.0"
"2016/01/05 16","1013.0","1016.6","21.1","18.8","87","2.2","70","4.6","50","T","0.1","0.0","0.00","4.5","0","10.0"
"2016/01/05 17","1013.6","1017.2","20.3","18.0","87","2.3","120","4.7","90","0.2","1.0","0.0","0.00","...","0","..."
"2016/01/05 18","1014.5","1018.1","19.7","17.6","88","0.3","140","4.8","80","T","0.7","0.0","0.00","...","0","..."
"2016/01/05 19","1015.0","1018.6","20.2","17.3","83","2.0","120","4.3","100","0.0","0.0","...","0.00","25.0","0","10.0"
"2016/01/05 20","1015.2","1018.8","20.3","17.2","82","1.6","80","4.5","80","0.0","0.0","...","0.00","25.0","0","10.0"
"2016/01/05 21","1015.5","1019.1","20.2","17.3","83","2.4","70","5.0","60","0.0","0.0","...","0.00","...","0","..."
"2016/01/05 22","1015.5","1019.1","20.3","17.4","83","2.0","60","5.0","60","0.0","0.0","...","0.00","...","0","..."
"2016/01/05 23","1014.9","1018.5","20.0","17.3","84","1.0","100","3.5","80","0.0","0.0","...","0.00","...","0","..."
"2016/01/06 00","1014.5","1018.1","19.6","16.8","84","2.1","110","5.3","70","0.0","0.0","...","0.00","...","0","..."
"2016/01/06 01","1013.6","1017.2","19.7","17.0","84","2.4","90","6.5","80","0.0","0.0","...","0.00","...","0","..."
"2016/01/06 02","1013.2","1016.8","19.9","17.4","86","3.0","60","6.7","90","0.0","0.0","...","0.00","...","0","..."
"2016/01/06 03","1012.3","1015.9","19.7","17.2","85","3.8","60","8.8","40","0.0","0.0","...","0.00","...","0","..."
"2016/01/06 04","1013.0","1016.6","19.9","17.6","87","1.5","50","7.1","60","0.0","0.0","...","0.00","...","0","..."
"2016/01/06 05","1012.6","1016.2","19.9","17.5","86","3.3","50","7.7","50","0.0","0.0","0.0","0.00","...","0","..."
"2016/01/06 06","1014.2","1017.8","20.2","17.2","83","2.8","20","6.3","40","0.5","0.3","0.0","0.00","...","0","..."
"2016/01/06 07","1015.6","1019.2","19.0","17.6","92","1.2","130","7.3","310","12.8","1.0","0.0","0.00","5.0","0","10.0"
"2016/01/06 08","1016.4","1020.0","18.4","17.2","93","0.7","130","2.6","270","9.0","1.0","0.0","0.00","5.0","0","10.0"
"2016/01/06 09","1017.2","1020.8","18.6","17.2","92","1.0","230","2.4","70","4.9","1.0","0.0","0.00","...","0","10.0"
"2016/01/06 10","1016.7","1020.3","18.7","17.9","95","1.1","190","2.5","210","3.1","1.0","0.0","0.19","9.0","1","10.0"
"2016/01/06 11","1016.1","1019.7","18.9","17.3","90","1.4","270","3.2","260","0.6","1.0","0.0","0.30","...","1","10.0"
"2016/01/06 12","1015.5","1019.1","19.2","17.8","92","1.8","290","5.8","290","T","0.3","0.0","0.64","...","2","10.0"
"2016/01/06 13","1015.3","1018.9","18.9","17.3","90","2.5","310","6.5","310","0.0","0.0","0.0","0.43","12.0","1","9.0"
"2016/01/06 14","1015.1","1018.7","19.9","18.1","89","1.6","300","7.4","320","0.1","0.5","0.4","1.32","...","2","7.0"
"2016/01/06 15","1015.3","1018.9","18.8","16.6","87","2.2","290","6.3","320","0.0","0.0","0.0","0.61","...","1","8.0"
"2016/01/06 16","1016.2","1019.8","18.4","15.8","85","1.0","290","5.6","310","0.0","0.0","0.0","0.03","12.0","0","9.0"
"2016/01/06 17","1017.0","1020.6","18.6","15.7","83","0.3","V","3.6","320","0.0","0.0","0.0","0.00","...","0","..."
"2016/01/06 18","1017.7","1021.3","18.5","15.2","81","1.9","50","3.7","80","0.0","0.0","0.0","0.00","...","0","..."
"2016/01/06 19","1018.3","1021.9","18.6","15.2","81","0.8","140","3.4","50","0.0","0.0","...","0.00","11.0","0","9.0"
"2016/01/06 20","1019.0","1022.6","18.1","15.3","84","1.3","200","2.5","140","T","0.5","...","0.00","10.0","0","10.0"
"2016/01/06 21","1019.3","1022.9","17.8","15.4","86","0.8","160","3.2","210","0.2","1.0","...","0.00","...","0","..."
"2016/01/06 22","1019.2","1022.8","17.5","15.5","88","0.1","0","3.0","190","0.4","1.0","...","0.00","...","0","..."
"2016/01/06 23","1018.9","1022.5","17.4","15.4","88","1.6","50","3.9","10","0.5","1.0","...","0.00","...","0","..."
"2016/01/07 00","1018.9","1022.5","17.7","14.9","84","2.2","60","6.5","10","T","1.0","...","0.00","...","0","..."
"2016/01/07 01","1019.0","1022.6","17.3","14.8","85","1.4","40","6.4","10","T","1.0","...","0.00","...","0","..."
"2016/01/07 02","1018.6","1022.2","17.5","14.8","84","1.8","50","4.4","30","T","0.3","...","0.00","...","0","..."
"2016/01/07 03","1018.2","1021.8","17.6","14.4","82","3.3","60","6.8","60","0.0","0.0","...","0.00","...","0","..."
"2016/01/07 04","1018.4","1022.0","17.8","14.1","79","3.3","50","8.4","50","0.0","0.0","...","0.00","...","0","..."
"2016/01/07 05","1018.7","1022.3","17.9","13.8","77","2.6","60","7.3","70","0.0","0.0","0.0","0.00","...","0","..."
"2016/01/07 06","1019.2","1022.8","17.5","14.2","81","1.9","80","6.0","70","0.0","0.0","0.0","0.00","...","0","..."
"2016/01/07 07","1019.7","1023.3","17.8","14.4","80","2.4","60","5.7","80","0.0","0.0","0.0","0.00","13.0","0","9.0"
"2016/01/07 08","1020.4","1024.0","18.4","14.6","79","3.1","70","7.3","50","0.0","0.0","0.0","0.43","13.0","0","10.0"
"2016/01/07 09","1020.5","1024.1","18.4","14.4","78","3.2","70","6.2","60","0.0","0.0","0.0","0.35","...","1","10.0"
"2016/01/07 10","1019.9","1023.5","18.4","14.6","79","4.9","50","7.8","70","0.0","0.0","0.0","0.36","13.0","1","10.0"
"2016/01/07 11","1018.6","1022.2","19.1","15.2","78","3.5","50","8.2","40","0.0","0.0","0.0","1.09","...","2","10.0"
"2016/01/07 12","1017.4","1021.0","19.4","15.0","76","3.2","60","9.4","50","0.0","0.0","0.0","1.23","...","3","10.0"
"2016/01/07 13","1017.0","1020.6","19.0","14.4","75","5.0","50","10.1","60","0.0","0.0","0.0","0.66","13.0","1","10.0"
"2016/01/07 14","1017.4","1021.0","18.6","14.0","75","3.8","50","10.7","50","0.0","0.0","0.0","0.43","...","1","10.0"
"2016/01/07 15","1017.8","1021.4","18.3","13.9","76","3.2","60","8.0","70","0.0","0.0","0.0","0.00","...","0","10.0"
"2016/01/07 16","1018.2","1021.8","17.8","13.9","78","3.4","60","10.3","60","0.0","0.0","0.0","0.00","13.0","0","10.0"
"2016/01/07 17","1018.3","1021.9","17.7","14.2","80","2.8","50","8.4","50","0.0","0.0","0.0","0.00","...","0","..."
"2016/01/07 18","1018.4","1022.0","17.7","14.1","79","3.6","50","8.0","50","0.0","0.0","0.0","0.00","...","0","..."
"2016/01/07 19","1018.8","1022.4","17.3","14.3","83","3.4","60","8.8","60","T","0.5","...","0.00","11.0","0","10.0"
"2016/01/07 20","1018.8","1022.4","17.0","14.3","84","3.4","60","8.4","40","0.0","0.0","...","0.00","10.0","0","7.0"
"2016/01/07 21","1018.5","1022.1","16.9","14.4","85","2.5","80","9.7","100","0.0","0.0","...","0.00","...","0","..."
"2016/01/07 22","1018.0","1021.6","17.1","14.3","84","3.2","60","7.9","60","0.0","0.0","...","0.00","...","0","..."
"2016/01/07 23","1017.1","1020.7","17.0","14.3","84","3.9","60","8.7","70","0.0","0.0","...","0.00","...","0","..."
"2016/01/08 00","1016.8","1020.4","17.0","14.4","85","2.7","60","9.6","60","0.0","0.0","...","0.00","...","0","..."
"2016/01/08 01","1016.8","1020.4","16.9","14.5","86","3.0","50","6.8","80","0.0","0.0","...","0.00","...","0","..."
"2016/01/08 02","1016.2","1019.8","16.8","14.5","86","2.0","50","6.2","50","T","0.7","...","0.00","...","0","..."
"2016/01/08 03","1016.6","1020.2","16.7","14.7","88","0.6","120","5.4","60","0.4","1.0","...","0.00","...","0","..."
"2016/01/08 04","1016.6","1020.2","16.6","15.0","90","1.6","270","3.6","260","1.2","1.0","...","0.00","...","0","..."
"2016/01/08 05","1017.3","1020.9","16.4","14.8","90","1.1","210","5.3","280","1.5","1.0","0.0","0.00","...","0","..."
"2016/01/08 06","1017.4","1021.0","16.1","14.4","90","0.2","0","3.0","110","T","0.8","0.0","0.00","...","0","..."
"2016/01/08 07","1018.2","1021.8","16.4","14.3","87","0.9","130","2.6","110","0.0","0.0","0.0","0.00","11.0","0","10.0"
"2016/01/08 08","1019.0","1022.6","17.5","15.0","85","1.1","310","5.3","20","0.0","0.0","0.0","0.17","8.0","0","10.0"
"2016/01/08 09","1019.2","1022.8","17.7","15.2","85","0.6","230","3.4","270","0.0","0.0","0.0","0.57","...","1","10.0"
"2016/01/08 10","1018.7","1022.3","17.5","15.1","86","1.5","210","2.9","200","0.0","0.0","0.0","0.27","8.0","1","10.0"
"2016/01/08 11","1017.7","1021.3","18.1","14.6","80","1.5","70","3.9","70","0.0","0.0","0.0","0.25","...","1","10.0"
"2016/01/08 12","1016.6","1020.2","17.8","13.9","78","2.3","20","6.2","10","0.0","0.0","0.0","0.00","...","0","10.0"
"2016/01/08 13","1016.2","1019.8","17.8","13.1","74","2.8","10","8.5","360","0.0","0.0","0.0","0.00","13.0","0","10.0"
"2016/01/08 14","1016.5","1020.1","17.7","12.7","73","2.7","20","6.2","360","0.0","0.0","0.0","0.00","...","0","10.0"
"2016/01/08 15","1016.6","1020.2","17.6","12.7","73","2.1","60","7.4","10","0.0","0.0","0.0","0.00","...","0","10.0"
"2016/01/08 16","1016.9","1020.5","17.2","12.6","74","3.1","50","7.9","60","0.0","0.0","0.0","0.00","10.0","0","9.0"
"2016/01/08 17","1017.5","1021.1","17.1","12.8","76","3.5","50","7.0","60","0.0","0.0","0.0","0.00","...","0","..."
"2016/01/08 18","1018.2","1021.8","17.0","12.6","75","3.4","50","8.6","50","0.0","0.0","0.0","0.00","...","0","..."
"2016/01/08 19","1018.7","1022.3","16.9","12.6","76","2.9","60","6.6","50","0.0","0.0","...","0.00","12.0","0","9.0"
"2016/01/08 20","1019.1","1022.7","16.7","12.5","76","3.0","60","7.2","40","0.0","0.0","...","0.00","15.0","0","10.0"
"2016/01/08 21","1019.3","1022.9","16.6","12.2","75","3.4","50","7.4","50","0.0","0.0","...","0.00","...","0","..."
"2016/01/08 22","1019.1","1022.8","16.4","12.3","77","3.2","50","7.7","50","0.0","0.0","...","0.00","...","0","..."
"2016/01/08 23","1019.1","1022.8","16.1","12.3","78","3.4","60","7.8","40","0.0","0.0","...","0.00","...","0","..."
"2016/01/09 00","1019.2","1022.9","15.9","12.0","78","3.0","60","9.0","50","0.0","0.0","...","0.00","...","0","..."
"2016/01/09 01","1019.0","1022.7","15.7","11.8","78","3.7","60","8.6","70","0.0","0.0","...","0.00","...","0","..."
"2016/01/09 02","1018.8","1022.5","15.5","11.7","78","2.8","70","7.9","60","0.0","0.0","...","0.00","...","0","..."
"2016/01/09 03","1019.0","1022.7","15.4","11.7","79","3.4","50","9.2","50","0.0","0.0","...","0.00","...","0","..."
"2016/01/09 04","1019.3","1023.0","15.4","11.6","78","2.8","50","7.7","50","0.0","0.0","...","0.00","...","0","..."
"2016/01/09 05","1019.9","1023.6","15.2","11.4","78","2.9","60","7.6","70","0.0","0.0","0.0","0.00","...","0","..."
"2016/01/09 06","1020.2","1023.9","14.7","11.4","81","2.8","80","8.1","60","0.0","0.0","0.0","0.00","...","0","..."
"2016/01/09 07","1020.2","1023.9","14.8","11.7","82","3.0","70","10.1","60","0.0","0.0","0.5","0.30","13.0","0","4.0"
"2016/01/09 08","1020.4","1024.1","16.2","12.4","78","4.6","60","9.6","40","0.0","0.0","0.8","0.86","13.0","1","4.0"
"2016/01/09 09","1020.6","1024.2","17.0","12.5","75","4.0","60","10.9","80","0.0","0.0","0.1","0.77","...","1","9.0"
"2016/01/09 10","1019.7","1023.3","18.2","13.3","73","3.9","70","11.5","40","0.0","0.0","0.6","1.83","15.0","3","4.0"
"2016/01/09 11","1018.1","1021.7","18.8","13.4","71","4.5","60","12.5","100","0.0","0.0","0.8","2.31","...","4","2.0"
"2016/01/09 12","1016.8","1020.4","19.0","13.2","69","5.8","50","13.4","50","0.0","0.0","1.0","2.40","...","4","3.0"
"2016/01/09 13","1016.3","1019.9","19.1","13.9","72","5.7","50","14.1","40","0.0","0.0","1.0","2.30","15.0","4","2.0"
"2016/01/09 14","1016.4","1020.0","19.0","13.9","72","5.3","50","13.9","50","0.0","0.0","1.0","1.66","...","2","2.0"
"2016/01/09 15","1016.7","1020.3","18.2","13.7","75","6.0","60","13.5","40","0.0","0.0","1.0","1.05","...","1","2.0"
"2016/01/09 16","1016.9","1020.5","17.7","13.2","75","4.9","60","13.4","50","0.0","0.0","0.3","0.30","15.0","0","2.0"
"2016/01/09 17","1017.4","1021.0","17.6","13.3","76","4.7","50","10.4","40","0.0","0.0","0.0","0.00","...","0","..."
"2016/01/09 18","1017.6","1021.2","17.6","13.5","77","4.0","60","10.1","40","0.0","0.0","0.0","0.00","...","0","..."
"2016/01/09 19","1017.8","1021.4","17.7","13.7","77","4.2","50","9.9","60","0.0","0.0","...","0.00","13.0","0","2.0"
"2016/01/09 20","1017.8","1021.4","17.8","13.9","78","4.2","60","9.9","60","0.0","0.0","...","0.00","12.0","0","2.0"
"2016/01/09 21","1017.5","1021.1","17.8","14.2","79","3.8","60","8.7","40","0.0","0.0","...","0.00","...","0","..."
"2016/01/09 22","1016.9","1020.5","18.0","14.5","80","3.8","50","8.2","50","0.0","0.0","...","0.00","...","0","..."
"2016/01/09 23","1016.5","1020.1","18.1","14.8","81","3.3","50","7.5","60","0.0","0.0","...","0.00","...","0","..."
"2016/01/10 00","1016.4","1020.0","18.1","14.8","81","2.4","50","6.0","50","0.0","0.0","...","0.00","...","0","..."
"2016/01/10 01","1015.7","1019.3","18.1","15.0","82","1.9","70","5.2","40","0.0","0.0","...","0.00","...","0","..."
"2016/01/10 02","1015.8","1019.4","17.0","14.6","86","0.9","170","4.0","80","0.0","0.0","...","0.00","...","0","..."
"2016/01/10 03","1015.7","1019.3","16.7","13.8","83","1.6","150","3.0","150","0.0","0.0","...","0.00","...","0","..."
"2016/01/10 04","1015.9","1019.5","16.4","13.3","82","0.7","230","3.2","150","0.0","0.0","...","0.00","...","0","..."
"2016/01/10 05","1016.4","1020.0","16.2","13.2","82","1.8","150","3.1","160","0.0","0.0","0.0","0.00","...","0","..."
"2016/01/10 06","1016.6","1020.2","16.1","13.5","85","0.8","160","3.8","170","0.0","0.0","0.0","0.00","...","0","..."
"2016/01/10 07","1016.9","1020.5","17.2","14.5","84","0.0","0","2.3","150","0.0","0.0","0.0","0.15","18.0","0","8.0"
"2016/01/10 08","1017.6","1021.2","18.3","14.6","79","0.2","0","1.9","250","0.0","0.0","0.0","0.66","20.0","1","10.0"
"2016/01/10 09","1017.3","1020.9","19.6","15.4","77","0.8","180","2.1","150","0.0","0.0","0.0","1.07","...","2","10.0"
"2016/01/10 10","1015.7","1019.3","20.9","17.2","79","1.2","60","2.8","50","0.0","0.0","0.1","1.29","10.0","3","8.0"
"2016/01/10 11","1014.3","1017.9","22.9","18.8","78","1.1","70","3.4","30","0.0","0.0","0.2","1.49","...","3","9.0"
"2016/01/10 12","1013.3","1016.9","22.8","18.6","77","1.7","360","4.6","60","0.0","0.0","0.0","1.31","...","3","10.0"
"2016/01/10 13","1012.5","1016.1","22.6","18.3","77","3.0","60","6.3","50","0.0","0.0","0.0","1.08","20.0","2","10.0"
"2016/01/10 14","1012.7","1016.3","22.0","17.9","78","2.7","40","7.3","60","0.0","0.0","0.0","0.60","...","1","10.0"
"2016/01/10 15","1012.8","1016.4","21.8","17.8","78","2.8","50","5.9","50","0.0","0.0","0.0","0.57","...","0","10.0"
"2016/01/10 16","1013.2","1016.8","21.1","17.6","80","3.8","60","7.7","50","0.0","0.0","0.0","0.00","20.0","0","10.0"
"2016/01/10 17","1013.2","1016.8","20.6","17.7","83","3.3","60","8.8","60","0.0","0.0","0.0","0.00","...","0","..."
"2016/01/10 18","1013.7","1017.3","20.4","17.7","84","2.6","50","7.3","50","0.0","0.0","0.0","0.00","...","0","..."
"2016/01/10 19","1013.6","1017.2","20.2","17.7","86","2.6","60","6.1","40","0.0","0.0","...","0.00","13.0","0","6.0"
"2016/01/10 20","1013.8","1017.4","20.1","17.9","87","2.9","60","6.1","50","0.0","0.0","...","0.00","11.0","0","4.0"
"2016/01/10 21","1013.9","1017.5","20.1","17.9","87","1.7","60","5.2","50","0.0","0.0","...","0.00","...","0","..."
"2016/01/10 22","1013.9","1017.5","20.1","18.0","88","0.5","40","4.7","60","0.0","0.0","...","0.00","...","0","..."
"2016/01/10 23","1013.8","1017.4","20.2","18.2","88","0.9","70","4.2","70","0.0","0.0","...","0.00","...","0","..."
"2016/01/11 00","1013.8","1017.4","19.8","17.7","88","0.6","250","3.0","300","0.0","0.0","...","0.00","...","0","..."
"2016/01/11 01","1013.7","1017.3","19.2","17.3","89","2.1","280","5.2","290","0.0","0.0","...","0.00","...","0","..."
"2016/01/11 02","1012.8","1016.4","18.8","16.6","87","1.4","360","4.7","270","0.0","0.0","...","0.00","...","0","..."
"2016/01/11 03","1012.3","1015.9","18.4","16.9","91","1.3","210","2.8","220","0.0","0.0","...","0.00","...","0","..."
"2016/01/11 04","1012.1","1015.7","17.7","16.2","91","1.8","140","3.5","170","0.0","0.0","...","0.00","...","0","..."
"2016/01/11 05","1012.4","1016.0","17.6","15.4","87","1.9","90","5.2","70","0.0","0.0","0.0","0.00","...","0","..."
"2016/01/11 06","1013.4","1017.0","17.8","15.4","86","0.7","120","3.4","90","0.6","0.5","0.0","0.00","...","0","..."
"2016/01/11 07","1013.8","1017.4","17.4","15.5","89","0.9","220","2.5","240","1.6","0.3","0.0","0.00","5.0","0","10.0"
"2016/01/11 08","1014.6","1018.2","17.2","15.6","90","1.1","220","3.7","240","2.6","0.4","0.0","0.00","5.0","0","10.0"
"2016/01/11 09","1014.0","1017.6","17.1","15.9","93","0.5","130","2.1","60","2.0","0.3","0.0","0.00","...","0","10.0"
"2016/01/11 10","1012.8","1016.4","17.5","16.1","91","0.7","80","2.6","110","1.5","0.2","0.0","0.09","5.0","0","10.0"
"2016/01/11 11","1012.1","1015.7","17.8","16.1","90","0.3","100","3.1","70","1.5","0.2","0.0","0.50","...","1","10.0"
"2016/01/11 12","1012.0","1015.6","17.2","15.8","91","1.6","270","4.5","280","4.0","0.5","0.0","0.01","...","0","10.0"
"2016/01/11 13","1012.2","1015.8","17.2","15.6","90","1.8","280","3.8","260","2.5","0.4","0.0","0.00","6.0","0","10.0"
"2016/01/11 14","1012.1","1015.7","16.8","15.3","91","2.0","300","7.5","300","1.0","1.0","0.0","0.00","...","0","10.0"
"2016/01/11 15","1012.5","1016.1","16.8","15.2","90","2.3","270","6.1","290","0.2","1.0","0.0","0.00","...","0","10.0"
"2016/01/11 16","1013.3","1016.9","16.8","15.0","89","1.6","280","6.9","270","1.5","0.2","0.0","0.00","5.0","0","10.0"
"2016/01/11 17","1014.5","1018.1","16.7","15.0","90","1.6","270","4.7","280","1.0","0.2","0.0","0.00","...","0","..."
"2016/01/11 18","1013.8","1017.4","16.6","15.2","91","1.5","170","4.0","260","1.0","1.0","0.0","0.00","...","0","..."
"2016/01/11 19","1014.2","1017.8","16.4","15.0","91","1.2","170","3.5","140","0.1","1.0","...","0.00","8.0","0","10.0"
"2016/01/11 20","1015.3","1018.9","16.7","15.2","91","0.8","260","2.1","250","0.2","1.0","...","0.00","8.0","0","10.0"
"2016/01/11 21","1015.7","1019.3","16.8","15.6","93","1.3","210","1.9","260","0.0","0.0","...","0.00","...","0","..."
"2016/01/11 22","1015.3","1018.9","16.5","15.2","92","1.6","220","3.8","260","1.0","0.2","...","0.00","...","0","..."
"2016/01/11 23","1015.3","1018.9","16.5","15.4","93","0.4","110","3.1","300","0.2","0.0","...","0.00","...","0","..."
"2016/01/12 00","1016.0","1019.6","16.4","15.3","93","0.2","0","2.4","270","T","0.7","...","0.00","...","0","..."
"2016/01/12 01","1015.9","1019.5","16.2","15.2","94","0.6","110","2.2","270","T","1.0","...","0.00","...","0","..."
"2016/01/12 02","1016.0","1019.6","16.2","15.2","94","0.3","130","2.3","90","T","1.0","...","0.00","...","0","..."
"2016/01/12 03","1016.6","1020.2","16.4","15.2","93","1.5","220","2.3","210","T","1.0","...","0.00","...","0","..."
"2016/01/12 04","1016.6","1020.3","15.8","14.7","93","0.5","220","2.3","200","1.4","1.0","...","0.00","...","0","..."
"2016/01/12 05","1017.5","1021.2","15.8","14.5","92","1.5","180","2.9","220","0.1","1.0","0.0","0.00","...","0","..."
"2016/01/12 06","1017.8","1021.5","15.8","14.3","91","2.3","210","3.8","210","0.1","0.5","0.0","0.00","...","0","..."
"2016/01/12 07","1018.1","1021.8","16.0","14.4","90","1.6","130","3.2","180","0.0","0.0","0.0","0.00","23.0","0","10.0"
"2016/01/12 08","1018.0","1021.6","16.8","14.4","86","2.5","60","7.2","60","0.0","0.0","0.0","0.21","24.0","0","10.0"
"2016/01/12 09","1018.2","1021.8","17.2","14.6","85","2.4","50","8.3","40","0.0","0.0","0.0","0.60","...","1","10.0"
"2016/01/12 10","1017.7","1021.3","17.3","14.0","81","3.9","50","8.0","70","0.0","0.0","0.0","0.60","24.0","1","10.0"
"2016/01/12 11","1016.9","1020.5","17.3","13.5","78","3.9","50","8.6","60","0.0","0.0","0.0","0.60","...","1","10.0"
"2016/01/12 12","1016.0","1019.6","17.4","13.5","78","2.8","50","9.1","60","0.0","0.0","0.0","0.60","...","1","10.0"
"2016/01/12 13","1015.6","1019.2","17.4","12.9","75","3.8","60","8.2","60","0.0","0.0","0.0","0.36","20.0","1","10.0"
"2016/01/12 14","1015.7","1019.3","16.7","12.9","78","3.5","60","8.6","50","0.0","0.0","0.0","0.07","...","0","10.0"
"2016/01/12 15","1016.3","1019.9","16.0","12.8","81","2.9","60","9.5","50","0.0","0.0","0.0","0.00","...","0","10.0"
"2016/01/12 16","1016.4","1020.1","15.6","12.4","81","4.9","60","11.7","70","0.0","0.0","0.0","0.00","10.0","0","10.0"
"2016/01/12 17","1016.8","1020.5","15.5","12.7","83","4.4","60","9.7","60","0.0","0.0","0.0","0.00","...","0","..."
"2016/01/12 18","1017.7","1021.4","15.0","12.4","84","3.1","60","10.1","60","T","0.1","0.0","0.00","...","0","..."
"2016/01/12 19","1017.8","1021.5","14.7","12.6","87","4.4","60","9.4","60","1.1","0.5","...","0.00","6.0","0","10.0"
"2016/01/12 20","1018.2","1021.9","14.9","13.0","88","2.3","70","9.7","60","0.0","0.0","...","0.00","6.0","0","10.0"
"2016/01/12 21","1018.1","1021.8","14.7","12.6","87","2.0","70","8.8","50","0.5","0.9","...","0.00","...","0","..."
"2016/01/12 22","1018.1","1021.8","14.5","12.8","90","2.0","70","7.8","60","0.9","1.0","...","0.00","...","0","..."
"2016/01/12 23","1017.8","1021.5","14.8","12.9","88","2.8","80","6.8","70","0.4","1.0","...","0.00","...","0","..."
"2016/01/13 00","1018.0","1021.7","14.6","12.9","90","1.8","60","6.5","60","2.2","1.0","...","0.00","...","0","..."
"2016/01/13 01","1018.1","1021.8","14.4","12.8","90","1.3","80","5.2","50","0.3","1.0","...","0.00","...","0","..."
"2016/01/13 02","1018.0","1021.7","14.3","12.9","91","1.2","100","3.5","60","0.3","1.0","...","0.00","...","0","..."
"2016/01/13 03","1017.7","1021.4","14.3","12.6","90","1.2","60","4.9","60","0.1","1.0","...","0.00","...","0","..."
"2016/01/13 04","1017.5","1021.2","14.3","12.6","90","1.6","70","4.7","60","0.1","1.0","...","0.00","...","0","..."
"2016/01/13 05","1017.9","1021.6","14.2","12.4","89","2.7","70","6.4","60","T","0.3","0.0","0.00","...","0","..."
"2016/01/13 06","1018.2","1021.9","14.2","12.2","88","3.6","60","6.4","70","0.0","0.0","0.0","0.00","...","0","..."
"2016/01/13 07","1019.0","1022.7","14.5","12.4","87","2.7","60","7.4","60","0.0","0.0","0.0","0.00","15.0","0","10.0"
"2016/01/13 08","1019.4","1023.1","14.7","12.6","87","3.2","60","8.3","60","0.0","0.0","0.0","0.12","15.0","0","10.0"
"2016/01/13 09","1019.6","1023.3","14.9","12.6","86","2.8","70","7.2","40","0.0","0.0","0.0","0.17","...","0","10.0"
"2016/01/13 10","1019.1","1022.8","15.0","12.8","87","2.7","60","6.8","60","0.0","0.0","0.0","0.53","15.0","1","10.0"
"2016/01/13 11","1018.5","1022.2","15.2","12.5","84","2.0","60","6.3","70","0.0","0.0","0.0","0.56","...","1","10.0"
"2016/01/13 12","1017.2","1020.9","14.8","11.8","82","3.3","50","7.4","70","0.0","0.0","0.0","0.58","...","1","10.0"
"2016/01/13 13","1016.9","1020.6","14.5","11.2","81","4.4","60","9.4","60","0.0","0.0","0.0","0.60","16.0","1","10.0"
"2016/01/13 14","1016.6","1020.3","14.5","11.4","82","3.3","60","7.8","50","0.0","0.0","0.0","0.60","...","1","10.0"
"2016/01/13 15","1016.7","1020.4","14.6","11.2","80","2.8","70","7.1","60","0.0","0.0","0.0","0.28","...","0","9.0"
"2016/01/13 16","1017.6","1021.3","14.2","11.1","82","2.8","60","8.3","60","0.0","0.0","0.0","0.14","16.0","0","10.0"
"2016/01/13 17","1018.4","1022.1","14.1","11.1","82","2.9","70","6.3","60","0.0","0.0","0.0","0.00","...","0","..."
"2016/01/13 18","1018.6","1022.3","14.0","11.0","82","4.0","60","6.9","50","0.0","0.0","0.0","0.00","...","0","..."
"2016/01/13 19","1019.0","1022.7","14.0","11.2","83","1.3","100","6.3","70","T","0.6","...","0.00","8.0","0","10.0"
"2016/01/13 20","1019.3","1023.0","13.6","11.2","85","2.4","70","5.0","70","T","1.0","...","0.00","4.0","0","10.0"
"2016/01/13 21","1019.1","1022.8","13.7","11.3","85","2.2","70","4.9","60","0.0","0.0","...","0.00","...","0","..."
"2016/01/13 22","1018.8","1022.5","13.8","11.2","84","1.8","70","6.6","50","0.0","0.0","...","0.00","...","0","..."
"2016/01/13 23","1018.7","1022.4","13.8","10.8","82","2.2","80","5.8","40","0.0","0.0","...","0.00","...","0","..."
"2016/01/14 00","1018.5","1022.2","13.8","10.5","80","2.4","60","5.7","70","0.0","0.0","...","0.00","...","0","..."
"2016/01/14 01","1018.2","1021.9","13.7","10.4","80","2.1","80","4.5","70","0.0","0.0","...","0.00","...","0","..."
"2016/01/14 02","1017.8","1021.5","13.4","10.5","83","2.7","80","4.8","110","0.0","0.0","...","0.00","...","0","..."
"2016/01/14 03","1017.4","1021.1","13.6","10.5","82","1.7","100","5.1","110","0.0","0.0","...","0.00","...","0","..."
"2016/01/14 04","1017.6","1021.3","14.0","10.6","80","1.4","110","3.2","90","0.0","0.0","...","0.00","...","0","..."
"2016/01/14 05","1017.9","1021.6","14.3","10.7","79","1.6","60","4.8","60","0.0","0.0","0.0","0.00","...","0","..."
"2016/01/14 06","1018.6","1022.3","14.5","10.7","78","2.1","60","4.8","60","0.0","0.0","0.0","0.00","...","0","..."
"2016/01/14 07","1019.2","1022.9","14.7","10.8","77","2.2","60","6.1","70","0.0","0.0","0.0","0.00","7.0","0","10.0"
"2016/01/14 08","1019.3","1023.0","14.9","10.9","77","2.9","70","5.7","60","0.0","0.0","0.0","0.00","7.0","0","10.0"
"2016/01/14 09","1019.4","1023.1","14.8","10.9","77","2.3","60","5.8","80","0.0","0.0","0.0","0.00","...","0","10.0"
"2016/01/14 10","1018.7","1022.4","15.0","11.1","77","1.9","50","5.0","70","0.0","0.0","0.0","0.11","6.0","1","10.0"
"2016/01/14 11","1017.5","1021.2","14.7","11.3","80","2.2","70","6.4","50","0.0","0.0","0.0","0.15","...","1","10.0"
"2016/01/14 12","1016.1","1019.8","14.8","11.6","81","3.2","70","5.8","60","0.0","0.0","0.0","0.60","...","1","10.0"
"2016/01/14 13","1015.4","1019.1","14.8","11.6","81","4.0","100","8.2","90","0.0","0.0","0.0","0.59","5.0","1","10.0"
"2016/01/14 14","1015.0","1018.7","14.8","11.6","81","3.1","70","9.3","80","0.0","0.0","0.0","0.56","...","1","10.0"
"2016/01/14 15","1015.4","1019.1","14.9","11.8","82","3.9","70","7.7","80","0.0","0.0","0.0","0.09","...","0","10.0"
"2016/01/14 16","1015.4","1019.1","15.1","11.8","81","2.5","80","6.3","50","0.0","0.0","0.0","0.00","5.0","0","9.0"
"2016/01/14 17","1016.1","1019.8","15.2","11.9","81","1.9","70","5.3","40","0.0","0.0","0.0","0.00","...","0","..."
"2016/01/14 18","1016.5","1020.2","15.2","11.7","80","2.3","70","4.6","40","0.0","0.0","0.0","0.00","...","0","..."
"2016/01/14 19","1016.8","1020.5","15.2","11.8","80","2.1","80","4.3","50","0.0","0.0","...","0.00","7.0","0","10.0"
"2016/01/14 20","1016.5","1020.2","15.1","11.7","80","2.7","80","5.9","80","0.0","0.0","...","0.00","8.0","0","10.0"
"2016/01/14 21","1016.4","1020.1","15.4","12.0","80","1.9","90","5.3","80","0.0","0.0","...","0.00","...","0","..."
"2016/01/14 22","1015.8","1019.5","15.5","12.2","81","1.6","50","3.7","50","0.0","0.0","...","0.00","...","0","..."
"2016/01/14 23","1014.6","1018.3","15.2","12.0","81","0.9","80","3.8","110","0.0","0.0","...","0.00","...","0","..."
"2016/01/15 00","1013.6","1017.2","15.4","12.2","81","1.9","50","5.7","40","0.0","0.0","...","0.00","...","0","..."
"2016/01/15 01","1013.7","1017.4","14.7","11.9","83","0.3","10","3.3","360","0.0","0.0","...","0.00","...","0","..."
"2016/01/15 02","1012.7","1016.4","14.6","12.0","84","0.8","160","2.0","200","0.0","0.0","...","0.00","...","0","..."
"2016/01/15 03","1012.5","1016.2","14.5","12.4","87","0.2","0","2.0","160","0.0","0.0","...","0.00","...","0","..."
"2016/01/15 04","1012.9","1016.6","14.4","12.5","88","0.6","210","1.6","180","0.0","0.0","...","0.00","...","0","..."
"2016/01/15 05","1013.7","1017.3","15.1","12.6","85","0.6","220","1.8","250","0.0","0.0","0.0","0.00","...","0","..."
"2016/01/15 06","1014.1","1017.8","14.9","12.9","88","0.7","180","2.9","210","0.0","0.0","0.0","0.00","...","0","..."
"2016/01/15 07","1014.3","1017.9","15.3","12.8","85","0.7","170","2.7","210","0.1","0.5","0.0","0.00","4.0","0","10.0"
"2016/01/15 08","1014.4","1018.0","15.9","13.7","87","1.1","120","2.0","160","T","0.8","0.0","0.12","5.0","0","10.0"
"2016/01/15 09","1014.1","1017.7","16.4","13.8","85","0.1","0","2.3","160","0.0","0.0","0.0","0.60","...","1","10.0"
"2016/01/15 10","1014.0","1017.6","17.0","14.1","83","0.3","330","2.2","320","0.0","0.0","0.0","0.15","5.0","1","10.0"
"2016/01/15 11","1013.1","1016.7","16.5","13.7","84","0.3","170","2.9","330","T","1.0","0.0","0.00","...","0","10.0"
"2016/01/15 12","1012.6","1016.2","16.6","14.2","86","1.0","240","2.7","280","0.2","1.0","0.0","0.51","...","1","10.0"
"2016/01/15 13","1012.2","1015.8","16.6","14.2","86","0.3","210","2.2","270","0.2","1.0","0.0","0.17","4.0","1","10.0"
"2016/01/15 14","1011.5","1015.1","16.5","14.5","88","0.6","180","1.9","120","0.1","1.0","0.0","0.01","...","0","10.0"
"2016/01/15 15","1012.2","1015.8","16.5","14.0","85","1.4","260","2.5","270","0.5","1.0","0.0","0.00","...","0","10.0"
"2016/01/15 16","1013.0","1016.6","16.1","14.2","88","1.1","230","2.0","220","0.3","1.0","0.0","0.00","5.0","0","10.0"
"2016/01/15 17","1013.3","1016.9","16.1","14.1","88","0.2","0","1.7","200","0.2","1.0","0.0","0.00","...","0","..."
"2016/01/15 18","1013.3","1016.9","16.3","14.4","89","0.2","0","1.9","160","T","1.0","0.0","0.00","...","0","..."
"2016/01/15 19","1014.3","1017.9","16.3","14.4","89","0.8","250","2.0","250","0.1","1.0","...","0.00","5.0","0","10.0"
"2016/01/15 20","1014.2","1017.8","15.9","14.6","92","0.8","180","2.0","290","0.3","1.0","...","0.00","4.0","0","10.0"
"2016/01/15 21","1014.0","1017.6","15.6","13.9","90","2.2","90","4.3","90","0.3","1.0","...","0.00","...","0","..."
"2016/01/15 22","1013.1","1016.7","15.6","13.7","88","2.4","100","4.7","50","0.1","1.0","...","0.00","...","0","..."
"2016/01/15 23","1012.7","1016.3","15.7","13.7","88","2.4","50","4.3","50","0.1","0.7","...","0.00","...","0","..."
"2016/01/16 00","1013.0","1016.6","15.5","14.2","92","0.8","10","4.0","340","0.0","0.0","...","0.00","...","0","..."
"2016/01/16 01","1013.2","1016.8","15.5","14.3","93","0.6","230","2.3","30","0.0","0.0","...","0.00","...","0","..."
"2016/01/16 02","1013.0","1016.6","15.4","14.3","93","0.7","170","2.0","270","0.0","0.0","...","0.00","...","0","..."
"2016/01/16 03","1012.6","1016.2","15.6","14.6","94","0.0","0","1.7","120","0.0","0.0","...","0.00","...","0","..."
"2016/01/16 04","1013.3","1016.9","15.9","14.6","92","0.2","0","2.2","90","0.0","0.0","...","0.00","...","0","..."
"2016/01/16 05","1013.9","1017.5","16.0","14.6","91","0.9","50","2.2","60","0.0","0.0","0.0","0.00","...","0","..."
"2016/01/16 06","1014.2","1017.8","16.3","14.7","90","1.8","70","5.1","70","0.0","0.0","0.0","0.00","...","0","..."
"2016/01/16 07","1014.6","1018.2","16.5","14.8","90","2.0","80","4.3","70","0.0","0.0","0.0","0.00","15.0","0","9.0"
"2016/01/16 08","1015.0","1018.6","16.9","15.0","89","2.7","50","5.6","40","T","0.3","0.0","0.00","10.0","0","10.0"
"2016/01/16 09","1014.8","1018.4","18.1","15.9","87","2.4","60","5.1","60","T","0.2","0.0","0.56","...","1","8.0"
"2016/01/16 10","1013.8","1017.4","19.4","16.1","81","5.0","60","9.7","60","0.0","0.0","0.3","1.62","25.0","3","8.0"
"2016/01/16 11","1012.8","1016.4","19.4","15.6","79","5.2","60","10.3","60","0.0","0.0","0.1","1.63","...","3","8.0"
"2016/01/16 12","1011.6","1015.2","19.7","15.5","77","4.6","60","10.4","60","0.0","0.0","0.1","1.45","...","3","8.0"
"2016/01/16 13","1010.8","1014.4","20.9","16.3","75","4.1","50","9.8","70","0.0","0.0","0.1","1.28","30.0","3","8.0"
"2016/01/16 14","1010.3","1013.9","20.9","16.5","76","4.6","80","10.2","60","0.0","0.0","0.9","1.91","...","3","6.0"
"2016/01/16 15","1010.4","1014.0","19.8","15.7","77","3.9","70","8.9","90","0.0","0.0","0.3","0.87","...","1","8.0"
"2016/01/16 16","1010.5","1014.1","19.3","15.6","79","3.7","70","9.3","50","0.0","0.0","0.0","0.11","25.5","0","8.0"
"2016/01/16 17","1010.1","1013.7","18.9","15.7","82","3.1","70","8.9","60","0.0","0.0","0.0","0.00","...","0","..."
"2016/01/16 18","1010.7","1014.3","19.1","16.0","82","3.7","60","8.9","50","0.0","0.0","0.0","0.00","...","0","..."
"2016/01/16 19","1010.3","1013.9","19.4","16.3","82","3.8","60","7.6","60","0.0","0.0","...","0.00","25.0","0","8.0"
"2016/01/16 20","1009.6","1013.2","19.3","16.5","84","4.3","60","7.3","50","0.0","0.0","...","0.00","25.0","0","8.0"
"2016/01/16 21","1008.8","1012.4","19.1","16.6","85","4.2","60","7.8","70","0.0","0.0","...","0.00","...","0","..."
"2016/01/16 22","1008.4","1012.0","19.1","16.9","87","2.9","60","7.3","50","0.0","0.0","...","0.00","...","0","..."
"2016/01/16 23","1008.1","1011.7","19.0","16.9","88","1.1","120","3.8","70","0.0","0.0","...","0.00","...","0","..."
"2016/01/17 00","1007.4","1011.0","18.3","16.8","91","0.7","170","2.3","190","0.0","0.0","...","0.00","...","0","..."
"2016/01/17 01","1006.3","1009.9","17.9","16.5","92","0.9","170","2.1","90","0.0","0.0","...","0.00","...","0","..."
"2016/01/17 02","1006.5","1010.1","17.9","16.7","93","1.1","220","2.1","260","0.0","0.0","...","0.00","...","0","..."
"2016/01/17 03","1006.6","1010.2","17.7","16.5","93","0.8","160","3.0","210","1.0","0.5","...","0.00","...","0","..."
"2016/01/17 04","1005.8","1009.4","17.4","16.4","94","1.1","90","1.8","100","0.4","0.3","...","0.00","...","0","..."
"2016/01/17 05","1006.4","1010.0","17.6","16.8","95","0.1","0","1.8","110","0.0","0.0","0.0","0.00","...","0","..."
"2016/01/17 06","1006.7","1010.3","17.7","16.9","95","0.9","230","2.2","260","0.0","0.0","0.0","0.00","...","0","..."
"2016/01/17 07","1006.7","1010.3","17.7","16.8","94","0.5","190","2.5","110","T","0.3","0.0","0.00","3.0","0","10.0"
"2016/01/17 08","1008.6","1012.2","17.3","16.2","93","3.4","310","8.8","320","4.4","1.0","0.0","0.04","2.5","0","10.0"
"2016/01/17 09","1008.8","1012.4","17.1","15.8","92","1.1","230","6.6","290","4.0","1.0","0.0","0.09","...","0","10.0"
"2016/01/17 10","1007.7","1011.3","17.4","16.2","93","0.9","240","2.3","270","4.4","1.0","0.0","0.41","5.0","1","10.0"
"2016/01/17 11","1006.8","1010.4","17.5","16.3","93","0.8","300","3.8","310","3.0","1.0","0.0","0.34","...","1","10.0"
"2016/01/17 12","1006.1","1009.7","17.6","16.4","93","0.6","270","4.3","300","4.0","1.0","0.0","0.38","...","1","10.0"
"2016/01/17 13","1004.7","1008.3","18.0","17.1","94","1.5","200","3.1","200","1.6","1.0","0.0","0.73","5.0","2","10.0"
"2016/01/17 14","1004.8","1008.4","18.8","18.1","96","1.6","270","3.7","270","T","0.4","0.2","0.98","...","2","5.0"
"2016/01/17 15","1005.7","1009.3","18.6","17.2","92","1.1","310","3.6","330","0.2","0.5","0.0","0.32","...","1","10.0"
"2016/01/17 16","1006.6","1010.2","17.6","15.9","90","1.6","300","5.7","270","1.4","1.0","0.0","0.00","8.0","0","9.0"
"2016/01/17 17","1007.8","1011.4","17.2","15.5","90","2.6","270","4.9","270","0.8","1.0","0.0","0.00","...","0","..."
"2016/01/17 18","1007.8","1011.4","16.8","15.5","92","0.7","310","4.4","310","1.7","1.0","0.0","0.00","...","0","..."
"2016/01/17 19","1009.2","1012.8","16.3","14.6","90","1.2","290","5.9","300","0.2","1.0","...","0.00","9.0","0","10.0"
"2016/01/17 20","1010.1","1013.7","15.8","14.1","90","0.5","270","4.3","320","0.4","1.0","...","0.00","10.0","0","10.0"
"2016/01/17 21","1011.3","1014.9","14.5","13.2","92","1.3","10","3.3","140","1.5","1.0","...","0.00","...","0","..."
"2016/01/17 22","1012.4","1016.1","13.9","12.4","91","1.2","210","3.0","200","3.5","1.0","...","0.00","...","0","..."
"2016/01/17 23","1012.7","1016.4","14.0","12.3","89","0.8","260","3.8","300","1.0","1.0","...","0.00","...","0","..."
"2016/01/18 00","1013.2","1016.9","13.3","11.8","91","0.6","260","4.6","310","0.2","1.0","...","0.00","...","0","..."
"2016/01/18 01","1013.1","1016.8","13.1","11.8","92","0.2","0","2.4","340","T","0.3","...","0.00","...","0","..."
"2016/01/18 02","1013.2","1016.9","13.0","11.5","91","0.9","180","2.4","150","0.0","0.0","...","0.00","...","0","..."
"2016/01/18 03","1013.2","1016.9","13.1","11.2","88","2.3","160","3.1","160","0.0","0.0","...","0.00","...","0","..."
"2016/01/18 04","1013.6","1017.3","13.1","11.1","88","1.4","210","2.7","200","0.0","0.0","...","0.00","...","0","..."
"2016/01/18 05","1014.5","1018.2","13.2","11.0","87","0.9","200","2.8","210","0.0","0.0","0.0","0.00","...","0","..."
"2016/01/18 06","1015.5","1019.2","13.3","10.7","84","1.2","220","2.7","160","0.0","0.0","0.0","0.00","...","0","..."
"2016/01/18 07","1016.0","1019.7","13.5","10.1","80","2.0","10","4.5","20","0.0","0.0","0.0","0.00","13.0","0","10.0"
"2016/01/18 08","1016.7","1020.4","13.6","9.2","75","2.9","40","5.7","30","0.0","0.0","0.0","0.00","13.0","0","10.0"
"2016/01/18 09","1016.4","1020.1","13.8","9.2","74","3.5","10","6.4","20","0.0","0.0","0.0","0.27","...","1","10.0"
"2016/01/18 10","1015.7","1019.4","15.4","10.1","71","2.7","60","6.4","70","0.0","0.0","0.0","1.03","12.0","2","10.0"
"2016/01/18 11","1015.0","1018.6","16.4","10.0","66","3.8","60","8.1","60","0.0","0.0","0.2","1.91","...","4","9.0"
"2016/01/18 12","1014.1","1017.7","16.7","10.2","65","3.1","50","8.3","50","0.0","0.0","0.4","2.00","...","4","10.0"
"2016/01/18 13","1013.8","1017.4","16.2","10.2","68","3.7","60","8.8","50","0.0","0.0","0.0","1.04","13.0","2","10.0"
"2016/01/18 14","1014.1","1017.7","15.9","9.9","68","4.9","50","11.8","10","0.0","0.0","0.0","0.60","...","1","9.0"
"2016/01/18 15","1014.4","1018.0","16.0","9.1","64","4.5","50","9.7","40","0.0","0.0","0.0","0.55","...","1","9.0"
"2016/01/18 16","1015.3","1018.9","15.8","9.6","67","5.4","50","11.3","60","0.0","0.0","0.0","0.03","14.0","0","9.0"
"2016/01/18 17","1015.9","1019.5","15.8","9.5","66","4.5","60","8.7","60","0.0","0.0","0.0","0.00","...","0","..."
"2016/01/18 18","1016.7","1020.3","15.9","9.9","68","2.9","60","7.6","60","0.0","0.0","0.0","0.00","...","0","..."
"2016/01/18 19","1017.4","1021.1","16.0","9.9","67","2.5","70","7.5","80","0.0","0.0","...","0.00","10.0","0","10.0"
"2016/01/18 20","1018.0","1021.7","16.0","9.6","66","3.3","110","8.3","80","0.0","0.0","...","0.00","10.0","0","10.0"
"2016/01/18 21","1017.8","1021.5","15.8","9.8","67","3.1","70","10.1","80","0.0","0.0","...","0.00","...","0","..."
"2016/01/18 22","1017.8","1021.5","15.7","9.8","68","3.7","90","8.6","90","0.0","0.0","...","0.00","...","0","..."
"2016/01/18 23","1017.8","1021.5","15.6","9.7","68","3.7","80","8.4","60","0.0","0.0","...","0.00","...","0","..."
"2016/01/19 00","1017.6","1021.3","14.9","10.4","74","3.8","90","9.8","70","0.0","0.0","...","0.00","...","0","..."
"2016/01/19 01","1017.4","1021.1","14.3","10.4","77","4.1","60","9.9","90","T","0.5","...","0.00","...","0","..."
"2016/01/19 02","1017.4","1021.1","13.9","10.4","79","3.5","80","9.0","50","0.5","0.4","...","0.00","...","0","..."
"2016/01/19 03","1017.7","1021.4","13.8","10.5","80","3.3","90","8.7","70","0.0","0.0","...","0.00","...","0","..."
"2016/01/19 04","1017.9","1021.6","14.2","10.5","78","2.2","90","9.2","80","0.0","0.0","...","0.00","...","0","..."
"2016/01/19 05","1018.4","1022.1","13.4","10.7","84","2.6","100","6.4","90","0.5","0.8","0.0","0.00","...","0","..."
"2016/01/19 06","1019.8","1023.5","13.1","10.9","86","2.1","100","6.6","70","1.0","1.0","0.0","0.00","...","0","..."
"2016/01/19 07","1020.1","1023.8","13.6","11.0","84","3.0","80","7.5","70","T","1.0","0.0","0.00","3.0","0","10.0"
"2016/01/19 08","1020.9","1024.6","13.7","11.6","87","2.5","60","7.2","40","0.5","1.0","0.0","0.00","3.0","0","10.0"
"2016/01/19 09","1021.5","1025.2","13.3","11.5","89","2.8","50","7.9","60","2.0","1.0","0.0","0.04","...","0","10.0"
"2016/01/19 10","1021.3","1025.0","13.7","11.7","88","2.4","100","6.4","40","1.0","1.0","0.0","0.27","3.0","1","10.0"
"2016/01/19 11","1020.4","1024.1","13.8","11.8","88","2.9","60","6.2","70","T","1.0","0.0","0.06","...","0","10.0"
"2016/01/19 12","1019.3","1023.0","13.9","11.8","87","2.7","60","7.6","80","T","1.0","0.0","0.02","...","0","10.0"
"2016/01/19 13","1019.3","1023.0","13.6","11.2","85","3.5","50","10.1","40","0.5","1.0","0.0","0.00","3.0","0","10.0"
"2016/01/19 14","1019.3","1023.0","13.1","11.0","87","4.0","60","9.4","60","1.0","1.0","0.0","0.00","...","0","10.0"
"2016/01/19 15","1019.6","1023.3","13.0","10.9","87","4.4","50","10.9","50","T","1.0","0.0","0.00","...","0","10.0"
"2016/01/19 16","1019.8","1023.5","12.9","11.0","88","4.3","60","10.4","60","T","0.5","0.0","0.00","4.0","0","10.0"
"2016/01/19 17","1019.9","1023.6","12.9","11.1","89","4.1","70","10.8","50","0.0","0.0","0.0","0.00","...","0","..."
"2016/01/19 18","1020.5","1024.2","13.1","11.0","87","3.4","60","11.0","50","0.0","0.0","0.0","0.00","...","0","..."
"2016/01/19 19","1020.9","1024.6","13.2","11.0","87","3.9","60","11.9","40","0.0","0.0","...","0.00","6.0","0","10.0"
"2016/01/19 20","1021.4","1025.1","13.4","11.0","85","5.0","60","11.2","50","0.0","0.0","...","0.00","6.0","0","10.0"
"2016/01/19 21","1021.9","1025.6","13.4","11.2","87","4.0","60","10.6","50","0.0","0.0","...","0.00","...","0","..."
"2016/01/19 22","1021.7","1025.4","13.3","11.0","86","2.9","60","9.2","70","T","0.1","...","0.00","...","0","..."
"2016/01/19 23","1022.0","1025.7","13.0","11.2","89","2.8","70","6.8","110","2.5","1.0","...","0.00","...","0","..."
"2016/01/20 00","1021.7","1025.4","12.9","11.2","89","2.8","90","8.6","50","3.3","1.0","...","0.00","...","0","..."
"2016/01/20 01","1021.6","1025.3","12.7","11.1","90","2.5","70","6.9","70","1.2","1.0","...","0.00","...","0","..."
"2016/01/20 02","1021.7","1025.4","12.6","10.8","89","3.9","60","8.3","60","0.1","0.6","...","0.00","...","0","..."
"2016/01/20 03","1021.3","1025.0","12.7","10.6","87","4.5","70","8.8","40","T","1.0","...","0.00","...","0","..."
"2016/01/20 04","1021.3","1025.0","12.8","10.8","88","3.1","40","10.0","60","0.4","0.1","...","0.00","...","0","..."
"2016/01/20 05","1021.4","1025.1","12.6","10.6","88","3.6","70","10.6","70","0.4","0.8","0.0","0.00","...","0","..."
"2016/01/20 06","1022.4","1026.1","13.3","11.1","87","4.4","60","9.6","60","0.0","0.0","0.0","0.00","...","0","..."
"2016/01/20 07","1022.6","1026.3","13.7","11.3","85","4.0","70","8.9","90","0.0","0.0","0.0","0.00","25.0","0","10.0"
"2016/01/20 08","1022.4","1026.1","14.3","11.8","85","3.8","70","10.1","70","0.0","0.0","0.0","0.00","25.0","0","10.0"
"2016/01/20 09","1022.2","1025.9","14.2","12.0","87","4.1","70","12.8","70","T","0.1","0.0","0.52","...","1","10.0"
"2016/01/20 10","1022.4","1026.1","14.0","12.0","88","3.0","70","10.6","60","0.2","1.0","0.0","0.04","12.0","0","10.0"
"2016/01/20 11","1020.4","1024.1","15.0","13.5","91","4.2","60","9.2","40","T","1.0","0.0","0.79","...","2","10.0"
"2016/01/20 12","1019.4","1023.1","14.5","12.6","88","4.3","70","9.3","80","T","1.0","0.0","0.55","...","1","10.0"
"2016/01/20 13","1018.1","1021.8","14.9","13.1","89","4.1","80","10.3","70","T","0.7","0.0","0.53","12.0","1","10.0"
"2016/01/20 14","1017.3","1021.0","15.5","13.5","88","4.0","60","10.4","50","0.0","0.0","0.0","0.51","...","1","10.0"
"2016/01/20 15","1017.1","1020.8","15.8","13.5","86","5.2","60","11.6","50","T","0.7","0.0","0.27","...","0","10.0"
"2016/01/20 16","1017.0","1020.7","15.8","13.5","86","5.6","60","11.7","50","T","1.0","0.0","0.00","20.0","0","10.0"
"2016/01/20 17","1016.6","1020.2","15.9","13.9","88","3.9","70","11.7","100","T","1.0","0.0","0.00","...","0","..."
"2016/01/20 18","1016.3","1019.9","16.2","14.3","89","4.3","70","11.8","50","T","1.0","0.0","0.00","...","0","..."
"2016/01/20 19","1016.2","1019.8","16.7","14.7","88","6.8","60","11.9","60","T","1.0","...","0.00","15.0","0","10.0"
"2016/01/20 20","1016.2","1019.8","16.7","14.8","89","5.0","50","11.3","40","T","1.0","...","0.00","20.0","0","10.0"
"2016/01/20 21","1016.5","1020.1","17.0","15.2","89","3.2","60","8.5","30","0.0","0.0","...","0.00","...","0","..."
"2016/01/20 22","1016.5","1020.1","17.2","15.5","90","2.8","60","7.3","50","0.0","0.0","...","0.00","...","0","..."
"2016/01/20 23","1015.8","1019.4","17.0","15.6","91","2.1","120","4.2","60","0.4","0.0","...","0.00","...","0","..."
"2016/01/21 00","1014.6","1018.2","17.2","15.9","92","1.9","100","5.7","110","0.0","0.0","...","0.00","...","0","..."
"2016/01/21 01","1014.0","1017.6","17.4","16.3","93","2.4","120","4.3","90","0.0","0.0","...","0.00","...","0","..."
"2016/01/21 02","1013.4","1017.0","17.3","16.3","94","0.5","60","3.7","120","0.0","0.0","...","0.00","...","0","..."
"2016/01/21 03","1013.8","1017.4","16.9","15.9","94","1.4","210","3.9","260","0.3","0.5","...","0.00","...","0","..."
"2016/01/21 04","1013.7","1017.3","16.5","15.6","94","1.5","120","3.2","110","0.6","1.0","...","0.00","...","0","..."
"2016/01/21 05","1013.8","1017.4","16.6","15.6","94","1.7","90","3.4","70","0.1","1.0","0.0","0.00","...","0","..."
"2016/01/21 06","1014.7","1018.3","16.8","15.5","92","2.8","60","6.1","60","T","0.5","0.0","0.00","...","0","..."
"2016/01/21 07","1015.0","1018.6","17.2","16.0","93","1.1","70","4.8","50","0.0","0.0","0.0","0.00","20.0","0","10.0"
"2016/01/21 08","1015.5","1019.1","17.4","15.7","90","0.6","70","4.6","90","T","0.3","0.0","0.25","14.0","0","10.0"
"2016/01/21 09","1015.9","1019.5","17.1","15.7","91","0.7","260","4.0","300","T","1.0","0.0","0.11","...","0","10.0"
"2016/01/21 10","1015.7","1019.3","16.7","15.2","91","1.3","250","3.2","240","0.5","1.0","0.0","0.25","6.0","1","10.0"
"2016/01/21 11","1016.0","1019.6","16.1","14.8","92","1.3","280","5.3","280","5.0","1.0","0.0","0.12","...","1","10.0"
"2016/01/21 12","1014.6","1018.2","15.9","14.9","94","1.1","240","4.0","310","1.8","1.0","0.0","0.55","...","1","10.0"
"2016/01/21 13","1013.7","1017.3","16.7","15.1","90","0.9","300","3.8","330","T","1.0","0.0","0.36","5.0","1","10.0"
"2016/01/21 14","1013.1","1016.7","16.6","15.2","91","0.1","0","4.3","310","T","0.2","0.0","0.15","...","1","10.0"
"2016/01/21 15","1013.2","1016.8","16.7","15.1","90","0.1","0","3.7","270","0.0","0.0","0.0","0.00","...","0","10.0"
"2016/01/21 16","1013.9","1017.5","16.1","14.9","93","0.5","280","3.1","320","0.5","0.1","0.0","0.00","2.5","0","10.0"
"2016/01/21 17","1014.2","1017.8","15.7","14.5","93","0.2","0","3.0","310","2.0","1.0","0.0","0.00","...","0","..."
"2016/01/21 18","1015.5","1019.1","15.6","14.3","92","1.3","260","3.1","270","0.3","1.0","0.0","0.00","...","0","..."
"2016/01/21 19","1016.1","1019.8","15.2","14.1","93","0.3","260","3.4","270","1.0","1.0","...","0.00","6.0","0","10.0"
"2016/01/21 20","1016.7","1020.4","15.2","14.1","93","1.4","200","2.6","160","0.5","1.0","...","0.00","11.0","0","10.0"
"2016/01/21 21","1016.8","1020.5","15.1","13.6","91","2.6","70","4.8","80","0.7","1.0","...","0.00","...","0","..."
"2016/01/21 22","1017.0","1020.7","15.0","13.3","90","2.4","60","4.7","40","0.3","1.0","...","0.00","...","0","..."
"2016/01/21 23","1016.7","1020.4","14.7","13.0","90","3.0","70","6.6","80","1.1","0.8","...","0.00","...","0","..."
"2016/01/22 00","1016.6","1020.3","14.7","13.1","90","2.5","100","6.0","60","0.2","0.7","...","0.00","...","0","..."
"2016/01/22 01","1016.0","1019.7","14.7","13.3","91","2.3","60","6.1","60","0.0","0.0","...","0.00","...","0","..."
"2016/01/22 02","1016.0","1019.7","14.7","13.0","90","2.4","70","6.9","50","0.0","0.0","...","0.00","...","0","..."
"2016/01/22 03","1016.1","1019.8","14.6","12.9","90","2.9","60","6.9","40","0.0","0.0","...","0.00","...","0","..."
"2016/01/22 04","1016.4","1020.1","14.1","12.1","88","3.3","60","8.0","50","0.4","0.3","...","0.00","...","0","..."
"2016/01/22 05","1016.9","1020.6","14.1","12.3","89","3.2","60","7.6","70","0.1","1.0","0.0","0.00","...","0","..."
"2016/01/22 06","1016.8","1020.5","14.0","12.3","89","3.7","60","7.9","50","T","1.0","0.0","0.00","...","0","..."
"2016/01/22 07","1017.0","1020.7","14.1","12.5","90","3.5","60","9.1","60","T","1.0","0.0","0.00","12.0","0","10.0"
"2016/01/22 08","1017.9","1021.6","14.9","13.3","90","3.0","60","7.9","50","T","0.5","0.0","0.07","15.0","0","9.0"
"2016/01/22 09","1017.1","1020.8","15.1","13.5","90","3.1","80","9.0","80","0.0","0.0","0.0","0.25","...","1","9.0"
"2016/01/22 10","1016.0","1019.7","15.1","13.4","90","5.9","50","10.2","70","0.5","0.8","0.0","0.06","15.0","0","10.0"
"2016/01/22 11","1014.9","1018.5","15.9","14.2","90","3.8","50","10.8","50","T","0.1","0.0","0.50","...","1","10.0"
"2016/01/22 12","1013.2","1016.8","16.3","14.4","89","3.7","50","9.9","70","0.0","0.0","0.0","0.42","...","1","10.0"
"2016/01/22 13","1012.9","1016.5","15.6","13.7","88","4.3","60","7.9","70","0.7","0.5","0.0","0.00","8.0","0","10.0"
"2016/01/22 14","1012.2","1015.8","15.7","14.1","90","3.0","90","8.6","60","0.2","1.0","0.0","0.00","...","0","10.0"
"2016/01/22 15","1012.1","1015.7","15.8","14.5","92","2.7","90","5.4","60","2.2","1.0","0.0","0.00","...","0","10.0"
"2016/01/22 16","1013.1","1016.7","15.9","14.5","91","2.5","60","6.7","60","2.6","1.0","0.0","0.00","8.0","0","10.0"
"2016/01/22 17","1014.1","1017.7","15.9","14.5","91","2.4","60","6.0","40","3.4","1.0","0.0","0.00","...","0","..."
"2016/01/22 18","1014.7","1018.3","15.7","14.1","90","2.7","80","6.9","50","2.1","1.0","0.0","0.00","...","0","..."
"2016/01/22 19","1015.8","1019.5","15.6","14.2","91","1.4","90","5.4","60","2.7","1.0","...","0.00","5.0","0","10.0"
"2016/01/22 20","1016.4","1020.1","15.5","14.5","94","0.7","90","3.0","70","3.4","1.0","...","0.00","5.0","0","10.0"
"2016/01/22 21","1016.9","1020.6","15.3","14.0","92","1.1","80","3.8","60","5.6","1.0","...","0.00","...","0","..."
"2016/01/22 22","1017.4","1021.1","15.4","14.3","93","0.3","350","3.0","200","3.9","1.0","...","0.00","...","0","..."
"2016/01/22 23","1017.3","1021.0","14.6","13.7","94","0.9","330","3.7","280","5.0","1.0","...","0.00","...","0","..."
"2016/01/23 00","1018.4","1022.1","14.1","12.8","92","0.6","280","6.4","320","5.0","1.0","...","0.00","...","0","..."
"2016/01/23 01","1018.8","1022.5","13.7","12.5","92","0.9","280","5.9","310","3.0","1.0","...","0.00","...","0","..."
"2016/01/23 02","1019.3","1023.0","13.4","11.9","91","0.6","260","4.6","290","3.0","1.0","...","0.00","...","0","..."
"2016/01/23 03","1020.0","1023.7","12.2","10.9","92","2.4","310","7.8","290","2.0","1.0","...","0.00","...","0","..."
"2016/01/23 04","1020.6","1024.3","11.9","10.4","91","0.4","310","8.2","300","3.0","1.0","...","0.00","...","0","..."
"2016/01/23 05","1021.6","1025.3","11.8","10.1","89","0.5","270","3.6","300","2.0","1.0","0.0","0.00","...","0","..."
"2016/01/23 06","1022.2","1025.9","11.8","9.6","86","2.4","20","9.1","20","1.0","1.0","0.0","0.00","...","0","..."
"2016/01/23 07","1023.9","1027.6","11.6","9.8","89","1.1","250","10.4","360","2.0","1.0","0.0","0.00","6.0","0","10.0"
"2016/01/23 08","1024.7","1028.4","11.2","10.0","92","1.1","40","3.9","350","1.5","1.0","0.0","0.00","6.0","0","10.0"
"2016/01/23 09","1025.3","1029.0","11.3","9.4","88","3.2","360","8.4","360","2.5","1.0","0.0","0.00","...","0","10.0"
"2016/01/23 10","1025.6","1029.3","11.5","9.4","87","0.9","20","8.3","360","1.0","1.0","0.0","0.00","13.0","0","10.0"
"2016/01/23 11","1024.9","1028.6","11.1","8.7","85","2.2","10","6.4","30","1.0","1.0","0.0","0.02","...","1","10.0"
"2016/01/23 12","1023.8","1027.5","10.7","8.4","86","2.0","10","7.7","350","0.5","1.0","0.0","0.18","...","1","10.0"
"2016/01/23 13","1024.2","1027.9","10.3","7.7","84","2.1","20","7.9","20","0.5","1.0","0.0","0.00","10.0","0","10.0"
"2016/01/23 14","1024.4","1028.2","9.7","6.5","80","3.5","40","10.6","20","0.5","1.0","0.0","0.00","...","0","10.0"
"2016/01/23 15","1024.6","1028.4","9.4","6.5","82","3.5","20","7.8","10","1.0","1.0","0.0","0.00","...","0","10.0"
"2016/01/23 16","1025.4","1029.2","9.1","6.2","82","3.1","50","8.7","10","1.0","1.0","0.0","0.00","10.0","0","10.0"
"2016/01/23 17","1026.6","1030.4","8.9","6.4","84","1.3","360","6.7","40","1.5","1.0","0.0","0.00","...","0","..."
"2016/01/23 18","1027.6","1031.4","9.0","6.1","82","1.8","50","6.0","20","1.0","1.0","0.0","0.00","...","0","..."
"2016/01/23 19","1027.7","1031.5","8.7","6.3","85","1.4","70","5.0","10","1.0","1.0","...","0.00","7.0","0","10.0"
"2016/01/23 20","1028.0","1031.8","8.5","5.5","81","2.3","40","6.4","20","1.0","1.0","...","0.00","10.0","0","10.0"
"2016/01/23 21","1028.6","1032.4","8.0","4.8","80","2.2","10","7.3","60","T","1.0","...","0.00","...","0","..."
"2016/01/23 22","1030.0","1033.8","7.6","4.3","80","2.2","350","10.6","10","0.5","1.0","...","0.00","...","0","..."
"2016/01/23 23","1030.0","1033.8","7.7","3.8","76","1.7","50","5.2","100","1.0","1.0","...","0.00","...","0","..."
"2016/01/24 00","1030.9","1034.7","7.0","3.4","78","2.8","20","8.7","40","0.3","1.0","...","0.00","...","0","..."
"2016/01/24 01","1030.2","1034.0","6.6","3.7","82","1.6","70","5.6","20","0.3","1.0","...","0.00","...","0","..."
"2016/01/24 02","1030.7","1034.5","5.9","2.7","80","2.9","20","7.6","40","0.3","1.0","...","0.00","...","0","..."
"2016/01/24 03","1031.3","1035.2","4.8","2.7","86","1.5","10","6.6","10","1.2","1.0","...","0.00","...","0","..."
"2016/01/24 04","1030.9","1034.8","4.2","2.7","90","2.1","20","4.4","40","1.1","1.0","...","0.00","...","0","..."
"2016/01/24 05","1031.0","1034.9","4.7","2.8","87","1.2","170","3.3","20","0.7","1.0","0.0","0.00","...","0","..."
"2016/01/24 06","1032.0","1035.9","4.4","2.7","89","1.5","190","3.9","170","1.8","1.0","0.0","0.00","...","0","..."
"2016/01/24 07","1032.7","1036.6","4.4","2.9","90","2.7","190","4.7","160","0.3","1.0","0.0","0.00","10.0","0","10.0"
"2016/01/24 08","1033.4","1037.2","5.7","4.3","91","2.2","290","6.3","300","T","0.8","0.0","0.19","15.0","0","10.0"
"2016/01/24 09","1033.0","1036.8","6.3","2.6","77","2.8","300","8.6","320","0.0","0.0","0.0","0.67","...","1","10.0"
"2016/01/24 10","1033.0","1036.8","6.0","1.6","73","2.5","320","9.7","310","0.0","0.0","0.0","0.60","25.0","1","10.0"
"2016/01/24 11","1032.3","1036.1","6.4","1.9","73","4.1","320","9.0","310","0.0","0.0","0.0","0.71","...","2","10.0"
"2016/01/24 12","1031.6","1035.4","5.8","0.0","66","2.8","320","9.4","340","0.0","0.0","0.0","0.51","...","1","10.0"
"2016/01/24 13","1030.9","1034.7","5.3","0.2","70","2.0","300","7.7","300","0.0","0.0","0.0","0.31","15.0","1","10.0"
"2016/01/24 14","1031.4","1035.3","4.8","0.8","75","1.5","290","6.1","330","0.0","0.0","0.0","0.23","...","1","10.0"
"2016/01/24 15","1031.7","1035.5","5.0","0.8","74","0.9","280","4.0","300","0.0","0.0","0.0","0.01","...","0","10.0"
"2016/01/24 16","1032.3","1036.1","5.2","-0.2","68","1.7","340","5.1","40","T","0.6","0.0","0.00","25.0","0","10.0"
"2016/01/24 17","1032.5","1036.3","5.4","-0.9","64","1.1","330","4.2","310","0.0","0.0","0.0","0.00","...","0","..."
"2016/01/24 18","1032.9","1036.7","5.5","-1.4","61","1.6","350","5.0","330","0.0","0.0","0.0","0.00","...","0","..."
"2016/01/24 19","1033.1","1036.9","5.7","-1.1","62","1.3","10","4.8","350","0.0","0.0","...","0.00","20.0","0","9.0"
"2016/01/24 20","1032.7","1036.5","6.0","-0.3","64","1.0","350","3.8","350","0.0","0.0","...","0.00","20.0","0","9.0"
"2016/01/24 21","1033.2","1037.0","6.3","-0.5","62","1.9","340","4.6","350","0.0","0.0","...","0.00","...","0","..."
"2016/01/24 22","1032.8","1036.6","6.4","-0.5","61","1.6","340","5.1","310","0.0","0.0","...","0.00","...","0","..."
"2016/01/24 23","1032.5","1036.3","6.2","-0.7","61","1.8","360","7.7","40","0.0","0.0","...","0.00","...","0","..."
"2016/01/25 00","1032.6","1036.4","5.9","-0.1","65","1.4","350","6.2","20","0.0","0.0","...","0.00","...","0","..."
"2016/01/25 01","1032.3","1036.1","5.8","-1.3","60","2.5","330","6.6","320","0.0","0.0","...","0.00","...","0","..."
"2016/01/25 02","1031.8","1035.6","5.7","-1.4","60","2.4","330","5.3","310","0.0","0.0","...","0.00","...","0","..."
"2016/01/25 03","1031.5","1035.3","5.6","-2.0","58","0.9","300","3.7","350","0.0","0.0","...","0.00","...","0","..."
"2016/01/25 04","1031.4","1035.2","5.6","-0.4","65","1.9","20","5.5","340","0.0","0.0","...","0.00","...","0","..."
"2016/01/25 05","1031.7","1035.5","5.4","0.3","70","2.8","50","6.0","20","0.0","0.0","0.0","0.00","...","0","..."
"2016/01/25 06","1032.0","1035.8","5.7","-0.2","66","1.7","40","5.8","10","0.0","0.0","0.0","0.00","...","0","..."
"2016/01/25 07","1032.6","1036.4","6.0","0.1","66","1.4","20","5.8","50","0.0","0.0","0.0","0.00","20.0","0","10.0"
"2016/01/25 08","1032.6","1036.4","6.3","0.4","66","2.2","130","4.5","60","0.0","0.0","0.0","0.00","25.0","0","10.0"
"2016/01/25 09","1032.6","1036.4","7.1","1.8","69","1.4","130","4.9","150","0.0","0.0","0.0","0.51","...","1","10.0"
"2016/01/25 10","1031.8","1035.6","7.2","1.9","69","1.5","120","4.0","130","0.0","0.0","0.0","0.56","25.0","1","9.0"
"2016/01/25 11","1030.6","1034.4","8.1","2.2","66","1.8","70","4.5","80","0.0","0.0","0.1","1.06","...","2","9.0"
"2016/01/25 12","1029.3","1033.1","8.7","2.9","67","2.7","90","5.0","70","0.0","0.0","0.0","0.60","...","1","10.0"
"2016/01/25 13","1028.4","1032.2","8.9","3.2","67","2.7","60","6.0","50","0.0","0.0","0.0","0.56","25.0","1","10.0"
"2016/01/25 14","1027.9","1031.7","8.8","3.5","69","1.7","90","6.3","50","0.0","0.0","0.0","0.19","...","1","10.0"
"2016/01/25 15","1027.9","1031.7","9.2","3.5","67","2.3","60","6.3","60","0.0","0.0","0.0","0.00","...","0","10.0"
"2016/01/25 16","1028.2","1032.0","9.3","3.3","66","2.9","50","6.4","60","0.0","0.0","0.0","0.00","25.0","0","9.0"
"2016/01/25 17","1028.5","1032.3","9.4","3.3","66","2.9","60","6.8","20","0.0","0.0","0.0","0.00","...","0","..."
"2016/01/25 18","1028.6","1032.4","9.5","3.7","67","1.7","70","5.3","30","0.0","0.0","0.0","0.00","...","0","..."
"2016/01/25 19","1028.8","1032.6","9.6","4.1","69","2.4","70","6.3","80","0.0","0.0","...","0.00","20.0","0","8.0"
"2016/01/25 20","1028.6","1032.4","9.8","4.2","68","2.3","60","7.6","40","0.0","0.0","...","0.00","20.0","0","8.0"
"2016/01/25 21","1028.5","1032.3","9.7","3.9","67","1.9","80","5.5","50","0.0","0.0","...","0.00","...","0","..."
"2016/01/25 22","1028.0","1031.8","9.5","3.8","68","2.8","80","5.3","100","0.0","0.0","...","0.00","...","0","..."
"2016/01/25 23","1027.6","1031.4","9.3","3.4","67","2.7","100","7.1","80","0.0","0.0","...","0.00","...","0","..."
"2016/01/26 00","1026.9","1030.7","8.8","3.3","68","2.1","110","6.5","70","0.0","0.0","...","0.00","...","0","..."
"2016/01/26 01","1026.1","1029.9","9.0","3.4","68","2.3","110","5.0","80","0.0","0.0","...","0.00","...","0","..."
"2016/01/26 02","1025.7","1029.5","9.3","3.8","68","1.8","120","5.3","60","0.0","0.0","...","0.00","...","0","..."
"2016/01/26 03","1025.6","1029.4","9.7","4.4","70","2.3","130","5.1","80","0.0","0.0","...","0.00","...","0","..."
"2016/01/26 04","1025.6","1029.4","10.2","5.1","71","2.7","110","5.5","80","0.0","0.0","...","0.00","...","0","..."
"2016/01/26 05","1026.1","1029.8","11.2","5.8","69","3.0","70","6.6","80","0.0","0.0","0.0","0.00","...","0","..."
"2016/01/26 06","1026.3","1030.0","11.1","6.8","75","2.7","100","6.7","90","0.0","0.0","0.0","0.00","...","0","..."
"2016/01/26 07","1026.1","1029.8","12.3","7.1","71","3.7","80","8.1","80","0.0","0.0","0.5","0.28","25.0","0","3.0"
"2016/01/26 08","1026.5","1030.2","14.5","8.3","66","4.5","60","9.4","50","0.0","0.0","1.0","1.08","25.0","1","4.0"
"2016/01/26 09","1026.2","1029.9","16.2","9.7","65","4.3","70","9.8","50","0.0","0.0","1.0","1.83","...","2","3.0"
"2016/01/26 10","1024.7","1028.4","17.9","10.4","61","3.7","80","10.5","60","0.0","0.0","1.0","2.26","30.0","4","4.0"
"2016/01/26 11","1023.9","1027.5","18.1","10.8","62","4.1","120","10.6","90","0.0","0.0","1.0","2.64","...","5","5.0"
"2016/01/26 12","1022.6","1026.2","17.6","10.3","62","4.7","120","12.0","70","0.0","0.0","1.0","2.77","...","5","3.0"
"2016/01/26 13","1021.6","1025.2","19.5","12.2","63","2.9","70","9.6","60","0.0","0.0","0.8","2.49","30.0","4","8.0"
"2016/01/26 14","1020.8","1024.4","19.4","11.6","61","2.8","90","7.7","70","0.0","0.0","0.7","1.87","...","3","8.0"
"2016/01/26 15","1021.1","1024.7","18.5","10.9","61","2.8","100","7.6","110","0.0","0.0","0.7","1.24","...","1","8.0"
"2016/01/26 16","1021.6","1025.2","17.4","10.1","62","2.2","120","6.1","90","0.0","0.0","0.0","0.28","30.0","0","9.0"
"2016/01/26 17","1022.0","1025.7","16.9","10.1","64","1.7","110","5.6","50","0.0","0.0","0.0","0.00","...","0","..."
"2016/01/26 18","1022.2","1025.9","16.7","10.1","65","1.9","120","4.8","120","0.0","0.0","0.0","0.00","...","0","..."
"2016/01/26 19","1022.4","1026.1","16.2","10.3","68","1.3","120","3.8","90","0.0","0.0","...","0.00","23.0","0","6.0"
"2016/01/26 20","1021.9","1025.6","16.1","10.9","71","2.0","80","4.1","60","0.0","0.0","...","0.00","25.0","0","7.0"
"2016/01/26 21","1022.3","1026.0","15.4","10.8","74","1.1","90","4.8","70","0.0","0.0","...","0.00","...","0","..."
"2016/01/26 22","1022.3","1026.0","16.8","11.5","71","3.2","50","6.0","50","0.0","0.0","...","0.00","...","0","..."
"2016/01/26 23","1021.8","1025.5","16.8","11.7","72","3.8","60","8.2","70","0.0","0.0","...","0.00","...","0","..."
"2016/01/27 00","1021.6","1025.3","16.2","11.7","75","1.6","90","6.8","80","0.0","0.0","...","0.00","...","0","..."
"2016/01/27 01","1021.3","1025.0","15.8","11.7","77","1.6","100","3.1","90","0.0","0.0","...","0.00","...","0","..."
"2016/01/27 02","1020.4","1024.1","14.6","11.7","83","0.8","70","2.8","100","0.0","0.0","...","0.00","...","0","..."
"2016/01/27 03","1019.3","1023.0","14.3","11.6","84","0.8","90","2.6","50","0.0","0.0","...","0.00","...","0","..."
"2016/01/27 04","1019.1","1022.8","14.4","11.8","84","1.4","50","2.2","40","0.0","0.0","...","0.00","...","0","..."
"2016/01/27 05","1019.3","1023.0","15.7","12.2","80","0.9","50","3.1","70","0.0","0.0","0.0","0.00","...","0","..."
"2016/01/27 06","1019.9","1023.6","16.7","12.4","76","1.2","50","5.0","50","0.0","0.0","0.0","0.00","...","0","..."
"2016/01/27 07","1020.9","1024.5","17.2","11.9","71","1.1","210","3.7","170","0.0","0.0","0.0","0.06","20.0","0","9.0"
"2016/01/27 08","1021.6","1025.3","17.0","11.5","70","0.9","220","2.8","270","0.0","0.0","0.0","0.44","20.0","0","9.0"
"2016/01/27 09","1021.6","1025.2","17.6","12.1","70","0.4","V","2.0","200","T","0.5","0.0","0.54","...","1","9.0"
"2016/01/27 10","1020.7","1024.3","19.5","13.6","69","1.1","20","2.0","20","T","0.5","0.0","0.99","20.0","2","9.0"
"2016/01/27 11","1019.3","1022.9","20.2","14.5","70","1.0","60","2.8","50","0.0","0.0","0.0","0.86","...","2","9.0"
"2016/01/27 12","1018.0","1021.6","23.0","15.7","63","1.7","100","4.1","120","0.0","0.0","0.1","1.63","...","4","8.0"
"2016/01/27 13","1017.3","1020.9","23.2","15.7","63","4.2","90","7.8","120","0.0","0.0","0.2","1.99","20.0","4","9.0"
"2016/01/27 14","1016.9","1020.5","22.6","15.6","65","3.7","110","9.3","60","0.0","0.0","0.0","0.96","...","2","9.0"
"2016/01/27 15","1017.0","1020.6","22.3","15.8","67","3.3","90","9.0","130","0.0","0.0","0.2","0.93","...","1","7.0"
"2016/01/27 16","1017.6","1021.2","21.8","15.4","67","2.7","70","7.0","60","0.0","0.0","0.1","0.30","24.0","0","6.0"
"2016/01/27 17","1018.6","1022.2","20.0","15.1","73","1.8","220","5.0","260","0.0","0.0","0.0","0.00","...","0","..."
"2016/01/27 18","1019.2","1022.8","19.1","14.8","76","2.0","240","4.7","210","0.0","0.0","0.0","0.00","...","0","..."
"2016/01/27 19","1019.2","1022.8","18.1","14.8","81","0.2","0","3.4","270","0.0","0.0","...","0.00","20.0","0","6.0"
"2016/01/27 20","1018.7","1022.3","18.1","15.0","82","0.8","150","2.1","210","0.0","0.0","...","0.00","20.0","0","5.0"
"2016/01/27 21","1018.4","1022.0","17.5","15.0","85","0.4","260","1.4","180","0.0","0.0","...","0.00","...","0","..."
"2016/01/27 22","1018.9","1022.5","17.8","15.0","84","2.0","240","3.4","260","0.0","0.0","...","0.00","...","0","..."
"2016/01/27 23","1018.7","1022.3","17.0","14.6","86","1.0","200","3.8","200","0.0","0.0","...","0.00","...","0","..."
"2016/01/28 00","1018.2","1021.8","16.4","14.5","89","0.5","60","1.9","230","0.0","0.0","...","0.00","...","0","..."
"2016/01/28 01","1017.8","1021.4","16.5","14.6","89","0.0","0","1.4","360","0.0","0.0","...","0.00","...","0","..."
"2016/01/28 02","1017.0","1020.6","16.7","14.6","87","0.6","250","2.3","290","0.0","0.0","...","0.00","...","0","..."
"2016/01/28 03","1016.9","1020.5","16.6","14.4","87","0.6","230","2.5","280","0.0","0.0","...","0.00","...","0","..."
"2016/01/28 04","1016.9","1020.5","16.5","14.4","87","0.8","250","2.4","250","T","0.5","...","0.00","...","0","..."
"2016/01/28 05","1016.9","1020.5","16.5","14.5","88","0.7","210","1.8","160","T","1.0","0.0","0.00","...","0","..."
"2016/01/28 06","1017.2","1020.8","16.5","14.6","89","0.4","230","2.2","340","T","0.8","0.0","0.00","...","0","..."
"2016/01/28 07","1017.4","1021.0","16.7","14.7","88","0.4","190","1.6","210","T","0.6","0.0","0.00","5.0","0","10.0"
"2016/01/28 08","1017.2","1020.8","17.7","15.9","89","0.1","0","1.4","190","0.3","1.0","0.1","0.19","5.0","0","10.0"
"2016/01/28 09","1016.7","1020.3","18.1","16.4","90","0.7","30","1.7","350","T","0.1","0.0","0.60","...","1","10.0"
"2016/01/28 10","1015.8","1019.4","18.4","16.8","90","0.6","60","4.2","310","0.0","0.0","0.0","0.60","7.0","1","10.0"
"2016/01/28 11","1014.8","1018.4","18.4","17.1","92","0.7","160","2.2","240","0.8","1.0","0.0","0.52","...","1","10.0"
"2016/01/28 12","1013.8","1017.4","19.0","17.7","92","0.6","300","3.4","310","0.2","1.0","0.0","0.60","...","2","9.0"
"2016/01/28 13","1014.2","1017.8","19.1","17.6","91","2.4","290","5.7","260","T","0.8","0.0","0.73","5.0","2","10.0"
"2016/01/28 14","1013.5","1017.1","18.3","16.6","90","1.6","240","6.0","280","0.2","0.6","0.0","0.02","...","0","10.0"
"2016/01/28 15","1014.3","1017.9","18.4","16.8","90","1.4","300","4.4","310","0.0","0.0","0.0","0.26","...","0","10.0"
"2016/01/28 16","1016.2","1019.8","17.9","16.2","90","2.4","270","7.5","300","0.0","0.0","0.0","0.00","9.0","0","10.0"
"2016/01/28 17","1017.3","1020.9","17.3","15.8","91","1.8","250","8.2","290","0.4","0.8","0.0","0.00","...","0","..."
"2016/01/28 18","1017.4","1021.0","17.2","16.0","93","1.3","230","3.3","210","0.2","1.0","0.0","0.00","...","0","..."
"2016/01/28 19","1017.2","1020.8","17.4","16.0","91","1.5","220","3.1","270","T","0.5","...","0.00","6.0","0","9.0"
"2016/01/28 20","1016.8","1020.4","17.1","16.1","94","1.6","130","3.0","130","0.0","0.0","...","0.00","10.0","0","10.0"
"2016/01/28 21","1015.6","1019.2","17.3","16.1","93","0.7","310","6.2","70","0.0","0.0","...","0.00","...","0","..."
"2016/01/28 22","1016.0","1019.6","17.5","16.1","91","1.2","60","2.6","20","T","0.3","...","0.00","...","0","..."
"2016/01/28 23","1015.8","1019.4","17.3","16.0","92","2.0","130","4.4","110","T","1.0","...","0.00","...","0","..."
"2016/01/29 00","1013.7","1017.3","17.5","15.9","90","2.5","90","7.3","80","0.5","1.0","...","0.00","...","0","..."
"2016/01/29 01","1013.0","1016.6","17.7","16.1","90","2.0","70","7.2","60","0.5","0.9","...","0.00","...","0","..."
"2016/01/29 02","1013.9","1017.5","17.3","16.4","94","0.6","170","3.4","70","0.0","0.0","...","0.00","...","0","..."
"2016/01/29 03","1013.1","1016.7","17.2","16.6","96","0.9","190","1.5","210","0.0","0.0","...","0.00","...","0","..."
"2016/01/29 04","1013.3","1016.9","17.2","16.5","96","0.3","190","1.9","190","0.0","0.0","...","0.00","...","0","..."
"2016/01/29 05","1013.6","1017.2","17.2","16.5","96","0.4","200","1.3","230","0.0","0.0","0.0","0.00","...","0","..."
"2016/01/29 06","1014.5","1018.1","17.1","16.3","95","1.0","200","2.1","220","0.1","0.5","0.0","0.00","...","0","..."
"2016/01/29 07","1015.2","1018.8","17.4","16.4","94","2.4","270","5.2","270","0.2","1.0","0.0","0.00","2.5","0","10.0"
"2016/01/29 08","1017.0","1020.6","17.3","15.9","91","2.6","300","9.9","310","0.5","1.0","0.0","0.00","3.5","0","10.0"
"2016/01/29 09","1018.6","1022.2","17.2","15.7","91","2.9","260","9.9","260","3.2","1.0","0.0","0.17","...","0","10.0"
"2016/01/29 10","1017.4","1021.0","17.6","16.1","91","1.7","240","4.2","240","1.5","1.0","0.0","0.36","4.0","1","10.0"
"2016/01/29 11","1014.9","1018.5","17.4","16.0","91","2.8","110","5.7","70","1.5","1.0","0.0","0.60","...","2","10.0"
"2016/01/29 12","1014.8","1018.4","18.0","16.6","92","0.4","350","4.6","120","0.5","1.0","0.0","0.60","...","2","10.0"
"2016/01/29 13","1013.2","1016.8","17.5","16.3","93","1.2","330","3.0","300","1.2","1.0","0.0","0.21","4.0","1","10.0"
"2016/01/29 14","1013.0","1016.6","17.4","16.2","93","1.7","140","4.1","260","1.5","1.0","0.0","0.41","...","1","10.0"
"2016/01/29 15","1013.8","1017.4","17.3","16.1","93","1.3","130","2.9","140","2.3","1.0","0.0","0.03","...","0","10.0"
"2016/01/29 16","1014.9","1018.5","17.4","16.2","93","0.3","190","3.9","60","0.6","1.0","0.0","0.00","8.0","0","10.0"
"2016/01/29 17","1015.0","1018.6","17.1","15.9","93","1.4","150","3.8","100","1.2","1.0","0.0","0.00","...","0","..."
"2016/01/29 18","1014.6","1018.2","17.2","15.9","92","2.0","110","3.7","110","0.2","1.0","0.0","0.00","...","0","..."
"2016/01/29 19","1014.6","1018.2","17.5","16.0","91","3.6","60","5.6","50","0.2","0.6","...","0.00","30.0","0","8.0"
"2016/01/29 20","1015.5","1019.1","17.5","16.2","92","1.1","60","5.5","50","0.3","0.4","...","0.00","12.0","0","9.0"
"2016/01/29 21","1015.7","1019.3","17.4","16.2","93","0.2","0","2.3","80","1.4","1.0","...","0.00","...","0","..."
"2016/01/29 22","1015.9","1019.5","17.2","16.4","95","0.0","0","1.8","90","1.3","1.0","...","0.00","...","0","..."
"2016/01/29 23","1016.1","1019.7","17.2","16.4","95","0.6","340","2.7","340","2.8","1.0","...","0.00","...","0","..."
"2016/01/30 00","1015.5","1019.1","16.8","15.6","93","1.6","70","4.7","50","0.7","1.0","...","0.00","...","0","..."
"2016/01/30 01","1015.5","1019.1","16.5","15.0","91","2.5","80","6.5","50","1.5","1.0","...","0.00","...","0","..."
"2016/01/30 02","1014.5","1018.1","16.5","15.1","91","1.8","100","4.9","80","1.5","1.0","...","0.00","...","0","..."
"2016/01/30 03","1015.2","1018.8","16.6","15.4","93","0.9","40","3.4","70","1.2","1.0","...","0.00","...","0","..."
"2016/01/30 04","1016.0","1019.6","16.6","15.7","94","0.7","250","2.3","260","1.8","1.0","...","0.00","...","0","..."
"2016/01/30 05","1015.9","1019.5","16.2","15.5","96","0.5","140","3.5","270","1.7","1.0","0.0","0.00","...","0","..."
"2016/01/30 06","1017.0","1020.7","15.8","14.6","93","1.6","80","5.6","70","0.5","0.7","0.0","0.00","...","0","..."
"2016/01/30 07","1017.5","1021.1","16.1","14.7","91","2.1","50","4.4","70","0.0","0.0","0.0","0.00","15.0","0","10.0"
"2016/01/30 08","1018.5","1022.2","16.2","15.9","98","1.6","80","5.0","50","0.0","0.0","0.0","0.00","18.0","0","10.0"
"2016/01/30 09","1018.6","1022.2","16.6","16.3","98","2.3","70","5.1","50","0.0","0.0","0.0","0.17","...","1","10.0"
"2016/01/30 10","1018.3","1021.9","16.9","16.4","97","2.5","60","5.6","50","0.0","0.0","0.0","0.61","18.0","1","10.0"
"2016/01/30 11","1018.1","1021.7","17.2","16.3","94","1.5","80","4.4","80","0.0","0.0","0.0","0.36","...","1","10.0"
"2016/01/30 12","1017.8","1021.4","17.0","15.7","92","1.2","250","3.5","270","0.0","0.0","0.0","0.05","...","1","10.0"
"2016/01/30 13","1017.6","1021.2","16.5","14.7","89","0.6","190","3.1","270","0.0","0.0","0.0","0.00","15.0","0","10.0"
"2016/01/30 14","1017.5","1021.2","16.1","14.3","89","0.9","150","2.3","170","T","0.3","0.0","0.02","...","0","10.0"
"2016/01/30 15","1017.9","1021.5","16.5","14.2","86","1.2","90","3.6","50","0.0","0.0","0.0","0.02","...","0","10.0"
"2016/01/30 16","1018.6","1022.2","16.5","14.0","85","1.3","90","3.2","110","0.0","0.0","0.0","0.00","15.0","0","10.0"
"2016/01/30 17","1019.0","1022.7","16.4","13.8","85","1.9","30","5.3","30","0.0","0.0","0.0","0.00","...","0","..."
"2016/01/30 18","1019.8","1023.5","16.4","13.8","85","1.6","70","3.9","50","0.0","0.0","0.0","0.00","...","0","..."
"2016/01/30 19","1020.3","1024.0","16.5","13.3","81","2.1","60","5.3","60","0.0","0.0","...","0.00","15.0","0","10.0"
"2016/01/30 20","1020.6","1024.3","16.1","13.2","83","2.6","60","7.5","60","0.0","0.0","...","0.00","15.0","0","10.0"
"2016/01/30 21","1020.5","1024.2","15.9","13.2","84","2.8","60","7.3","40","0.0","0.0","...","0.00","...","0","..."
"2016/01/30 22","1020.5","1024.2","16.1","13.1","82","2.8","70","8.8","40","0.0","0.0","...","0.00","...","0","..."
"2016/01/30 23","1020.3","1024.0","16.3","13.3","82","3.8","60","7.8","50","0.0","0.0","...","0.00","...","0","..."
"2016/01/31 00","1020.5","1024.2","16.1","13.3","83","4.1","50","7.7","40","0.0","0.0","...","0.00","...","0","..."
"2016/01/31 01","1020.2","1023.9","16.1","13.5","85","1.8","90","8.1","40","0.0","0.0","...","0.00","...","0","..."
"2016/01/31 02","1019.8","1023.5","16.3","13.5","83","2.0","80","5.7","60","0.0","0.0","...","0.00","...","0","..."
"2016/01/31 03","1019.7","1023.4","16.2","13.4","83","2.7","70","6.3","50","0.0","0.0","...","0.00","...","0","..."
"2016/01/31 04","1020.0","1023.7","16.3","13.3","82","2.0","80","6.0","70","0.0","0.0","...","0.00","...","0","..."
"2016/01/31 05","1020.2","1023.9","16.5","13.2","81","2.7","70","8.4","60","0.0","0.0","0.0","0.00","...","0","..."
"2016/01/31 06","1020.5","1024.2","16.5","13.2","81","3.9","60","8.1","80","0.0","0.0","0.0","0.00","...","0","..."
"2016/01/31 07","1021.0","1024.7","16.8","13.2","79","2.5","80","7.8","50","0.0","0.0","0.0","0.00","18.0","0","8.0"
"2016/01/31 08","1021.1","1024.7","17.2","13.4","78","3.0","70","7.9","70","0.0","0.0","0.0","0.28","18.0","0","9.0"
"2016/01/31 09","1021.4","1025.0","17.7","13.2","75","3.0","80","9.4","50","0.0","0.0","0.0","0.60","...","1","10.0"
"2016/01/31 10","1020.5","1024.1","18.4","13.5","73","5.3","70","11.0","80","0.0","0.0","0.0","0.95","20.0","2","8.0"
"2016/01/31 11","1018.3","1021.9","18.7","14.0","74","5.3","70","12.5","70","0.0","0.0","0.0","1.33","...","4","7.0"
"2016/01/31 12","1016.1","1019.7","19.4","14.2","72","5.9","60","14.6","60","0.0","0.0","0.5","2.29","...","5","6.0"
"2016/01/31 13","1016.0","1019.6","19.7","14.9","74","7.7","50","15.5","70","0.0","0.0","0.6","2.26","20.0","5","7.0"
"2016/01/31 14","1015.4","1019.0","19.7","15.3","76","5.2","60","13.7","60","0.0","0.0","0.8","1.99","...","3","6.0"
"2016/01/31 15","1014.9","1018.5","18.9","14.8","77","5.8","60","13.3","60","0.0","0.0","0.2","1.03","...","1","8.0"
"2016/01/31 16","1015.7","1019.3","18.6","14.8","79","4.5","50","12.0","60","0.0","0.0","0.2","0.45","20.0","0","8.0"
"2016/01/31 17","1016.0","1019.6","18.3","15.0","81","5.2","50","11.7","60","0.0","0.0","0.0","0.00","...","0","..."
"2016/01/31 18","1016.8","1020.4","17.7","15.4","86","5.3","50","12.8","40","T","0.7","0.0","0.00","...","0","..."
"2016/01/31 19","1016.7","1020.3","17.6","15.5","87","6.1","60","11.7","40","T","1.0","...","0.00","15.0","0","7.0"
"2016/01/31 20","1016.9","1020.5","17.9","15.8","88","4.1","60","12.7","60","T","1.0","...","0.00","15.0","0","7.0"
"2016/01/31 21","1016.5","1020.1","18.2","16.2","88","4.7","50","11.3","50","T","1.0","...","0.00","...","0","..."
"2016/01/31 22","1016.2","1019.8","18.5","16.5","88","4.6","60","9.9","50","T","1.0","...","0.00","...","0","..."
"2016/01/31 23","1016.3","1019.9","18.2","16.2","88","5.5","60","12.2","50","T","0.9","...","0.00","...","0","..."
